-- phpMyAdmin SQL Dump
-- version 4.8.4
-- https://www.phpmyadmin.net/
--
-- Host: 127.0.0.1:3306
-- Generation Time: Nov 10, 2022 at 07:53 AM
-- Server version: 5.7.24
-- PHP Version: 5.6.40

SET SQL_MODE = "NO_AUTO_VALUE_ON_ZERO";
SET AUTOCOMMIT = 0;
START TRANSACTION;
SET time_zone = "+00:00";


/*!40101 SET @OLD_CHARACTER_SET_CLIENT=@@CHARACTER_SET_CLIENT */;
/*!40101 SET @OLD_CHARACTER_SET_RESULTS=@@CHARACTER_SET_RESULTS */;
/*!40101 SET @OLD_COLLATION_CONNECTION=@@COLLATION_CONNECTION */;
/*!40101 SET NAMES utf8mb4 */;

--
-- Database: `doctordb`
--

-- --------------------------------------------------------

--
-- Table structure for table `doctor_prefer`
--

DROP TABLE IF EXISTS `doctor_prefer`;
CREATE TABLE IF NOT EXISTS `doctor_prefer` (
  `p_id` int(2) NOT NULL AUTO_INCREMENT,
  `p_name` varchar(20) DEFAULT NULL,
  `image` text,
  `created_ar` datetime NOT NULL DEFAULT CURRENT_TIMESTAMP,
  PRIMARY KEY (`p_id`)
) ENGINE=MyISAM AUTO_INCREMENT=5 DEFAULT CHARSET=latin1;

--
-- Dumping data for table `doctor_prefer`
--

INSERT INTO `doctor_prefer` (`p_id`, `p_name`, `image`, `created_ar`) VALUES
(1, 'news', 'https://thumbs.dreamstime.com/z/latest-news-vector-icon-news-megaphone-speaker-latest-news-vector-icon-news-megaphone-speaker-frame-139070534.jpg', '2022-10-18 22:13:32'),
(2, 'Research', 'https://cdn-icons-png.flaticon.com/512/1803/1803210.png', '2022-10-18 22:16:05'),
(3, 'covidCase', 'data:image/jpeg;base64,/9j/4AAQSkZJRgABAQAAAQABAAD/2wCEAAkGBxAQEBUQEA8VFRUVFxUVFhUVFhUXFRUYFhUWFhUVFRUYHSggGBolHRcWIjEhJSkrLi4uFyAzODMtNygtLisBCgoKDg0OGhAQGy0lICUtLS0tLS8vLS0vLSstLS0tLy4tLS0tLS0tLS0tLS0tNy0rLS0vLy0tLS0rLSstLS0tLf/AABEIAOEA4QMBIgACEQEDEQH/xAAcAAEAAQUBAQAAAAAAAAAAAAAAAwECBAUGBwj/xABCEAABAwIDBQYDBgMHAwUAAAABAAIRAyEEEjEFBkFRYQcTInGBkTKhsRQjQmLB8FJy4YKSorLC0fEVQ1MWM2Nz0v/EABsBAQACAwEBAAAAAAAAAAAAAAAEBQIDBgEH/8QAOBEAAQIEBAMGBQIFBQAAAAAAAQACAwQRIQUSMUFRYXEigZGhscEUMkLR8BMjFVKS4fEkcoLC0v/aAAwDAQACEQMRAD8A9wRERERERERFQoiqigfXERPi/VStNhf+qIrkREREVCsOtXIcQOY1RFmorKTpE/sdFeiIix8TVLYjr5KuHql3p80RToiIiIigrlwII04oinRRmq0fiCph5yiTP70RFKit7wTE35K5EREVrucwiKoI5qqwA52bjM6LOaLaIiqiIiIsbFVS2I1uslWPpg6hEUWGqEi/C3npdZCtY2NNFciIoaogFwJ09FMrC0GJGiItYsrDOAEngbFXDDtJNiLqamyGwQP0RFIiIiIonUGngpURFRoVUREUdSkHa/vyVadMNsNFeiIiIiIo3PIMZSRzChxNa0D14LKWFjRcHoiLGV9KoWmysVQJsvV4tg2iJzanmpVEzNMECI1Uq8XqIiIioWgqqIiIiIiIiIiIiIiIiIiIiKOsHR4dURSIoW1QAJIniq0HTPim/siKVFZ3gnLN1rtpbfwmH/8AdxLGkWLZlw/sNk/JeEgarOHDfEdlYCTwAqfALaIuIxXaXg22p06rz5Na0+s/ota/tR/hwcDrUP6MWr4iHxVg3Bp1wr+n4lo9SF6Si80Z2pmfFhBHSqf/AMLYYXtNwpEVaNVh/LkeB8x9E+Ih8V67BZ5or+n4Fp9CV3aLSbN3owWIju8QyTwecjvQOifRbtbQ4O0Kr4kJ8M5XtIPAinqrKrMwiVaygA3KbqVF6tawhQBJAdorsopkHWfl5LJDQNBqjmg6iURVCqiIiIiIiIiIiIiIiIiIiIiIiIiIitfMWF1DWqEN0g87QshY1chwgXIRFhrS7c3poYOxdmq8KbNR/OdGjzv0XP7276ZZoYR3iFn1Rw5tp9fze3M+fudJkmSbkm5JOpJ4lRYszSzPH89V0mHYCYgESZqBs3Qnrw6a9LLsP/UGL2jVLc5o0wDmbTLmuIFoJ1cTPlbRa3bWwRTYajHkxGbNE66ggc1rtjbT+zvJiQZDuoNwQeY/VdHtav32DL6XEAuB1gSXC3I/JU0Z8X9ZpJsaBSpj4iTnYTYVGwXFrbAUNfmzb5jehPjquOaUcVRFLXS0RAEWy3epNfiGh2msH+JokD3APosXOygk7LVHiiDCdENw0E+Ar7Jh9hYh7cwZE6SYK2Gz95MfgH5C9xaNadSS2Okmw6thdUFpN7KLTRDvxNcAD0IcY+hUKDOOMQAileC5aUxt83HbAmIbS1xoBQmhOmpIPWgpcilKLtN299sPi4Y8ilUP4XEZXH8juJ6GNeK6xfN3Vd5ubv06nloYsk09G1TdzNIzHVzOuo6jS7hTOz/H7rPEMAygxJX+nf8A48ehvwJ0XqqKOlUDgHNIIIBBBkEHQg8VIpi5dEREREVlV8CVHSxGYwB/wiKdERERERERUBVHvA18ljVsRB8PqiLKDgdCqrEw9fUZb624rLREREREXm/aHvTkLsHhz4jas5puJ/7YPDqfTmum3126MHhi5p+8fLKY5GPE/wAmj5wOK8Rc4kySSTck3JJ1JPEqJMxadgd66TAcNEQ/ExBYHsjiePdtz6UVAiK5reagrr1aul3TrFzX0XDwkF3MXhrgeUrN3Q3IfiorVyadHgPxVfLk383tzXptDZNClRdRpU202EGY5/xOJuT1KzMo6NDI04LmscxCAYTpYdp3LRpBrrxHAdCdl5ts/s7rVvvDWYxhLo1c6ASA6BAn1W9w3ZfhwPvMRVcegYB7HN9VstlbWGHY5jml15bBEdb8rfNSVN5qn4abR5yf9lhCm5X9Npee1S4ub/l+ipX49Ov+unQD1oStXV7McMR4a1Vp/MGOHsAFqa/Z1iaDu9oYhj8kEZgWOtfgYPuF1A3lq8WNPuP1V2M3g7yi5oYWl1pkER+K/ksnTcmWmnDmK8l4zHZto7T8w3DgCD5LlcbtJtBrTUmTEhoBuAJ+LzXMbY2sa5AAysbcA/itq7/bzW53l3jBojCUIcyZquj4nSSAzkGwL8SOWvKPwtTKKhpuDToSHAHyJEFRYMu2GA4608OivsFwpkJjY8RlH3pU8dKDY0tS56VIUJKIikLol224e9ZoluFrmaRPgJ/A4xaTo2fn0lerh8nQxEyvnKV692cbwfaaHcVDNWiAJOr6ejT1I0PpzU2Wi/Qe77Llcew4Cs1DH+4f9vY86HUkrs0RFMXLKyozMI4KKjh8pnX9FkIiIiIiIiIiKjjbSVgYimQZjW/9FsFYW3BnTgiLEwtMzOkLLpzHiieirlEzxVyIigxFXLEdfJTrT704wUMJWqk3aw5ejneFp9yF4SAKlZMY6I8MbqSAOpsF5Tvxtc4vGENuyn92wDjBu4dXOzegVcHuuXNmo+CeA4edtfJajY72jEMc7QPaTP8AOIJ+S78LnJyYe11t7+a6nGZ2LINhS8ucoy60BrQ03qOZtqeteI2rsV9AhxOZptIEX68it9uDux9rf39Zv3FMwG8KjhB/u8/MBbDamG76kWSATxPA8/mu32D9nZRZRoOGVjQL2cebiDxJkk9VJkIjYxo8io2493qohx6I+Tyk/ukkVFuzQdrkTWnUEilgs/E4hlFmZ1miwA+QAXIbS2nUrm5hvBg09eZV22sea1Sx8DbNH1Pqtc5wAkqNPzzozixh7Pr/AG4flObc7wVlEuM5hCue8DUwqgzcLX4txzmf2FAY3O7gtD35G11We6HA3sVyu2tr2NCiTl/E7nqIEfh+vlrHtXaxg06TtbOI9QQCOH70WqwVPNVY2QJcwZn/AAiXAS6eHPop8GXy3PcF2WB4LlyzU02jvpadt6nnuBtvew225mEpVsdSp1wMpJdB0c4AkNM6gkDz04r1Tv6rXVm4xlIYYuZTo2nPnOXK5t7c5Ai/AStRvNsHD44OOFqUxiaEN8BABgDKx0afldwIjhbk8BvU/DOe3GUH16zHAMNZ5d3ZEaMeDDpE5hc29bYftWPjseo5LbGH8TH6rB2gACw2c2+bM0kgDMKXO2xstbvjshuExbqTTLCGvbJkgO0BPGCCPKFqsNhH1DFNhJ/lJjzjRb7Z2DqbTxLsRiqhZTkFzo9qdNvOCBxgXPXf4LA06ALKdxncQSLkTDc3UtyqvmY7Yd276D8upM5iwkYTYbiHxgACNq0uTS/OmpqDYacBiMM+mcr2ZTyyke3NZ+7e1XYTE06w+EOhwH4mmzh7XHkFv962t7iT8Qd4ed2m375Lji2F7AimI3NofspmHzYn5XNEbStWkbHjTx8V9F0qgcA5pkEAgjiDcFSLmez3aJr4BhJk0z3R/sgFv+Et9l0yu2uzAELhJiCYMV0J2rSQiIiyWlEREREVERFVEVCURVRUBVURFw3aticuEZTm76oPmGNP6lvsu5XmvbBUvh2//afmwLTMH9sqzwZmeehjqfAE+y84BW6wm8dWm0NcGui0kOnpo5aVFVPY14o4VXczEtBmG5YrQ4DSu3Tcd2y9C7PnOxmJqVawBbTZAaB4Mzz4bcbB2q6jbuy6VJneMlpJAAkkXvxuLArU9kdADDVanF1Ro9GsBH+crd73OtTb/MfbKB9StkxChNky7KLaciTSy4XGgxs05jAA1oAAG1qnzJK51WuaHCDcLDxzjMcIVuEcQ6OB1VKIXZzVVCYozZSFnCAIC5beLbGY93S4av8AcQHD8P18tb9vbazTSpnw6OcPxaiB+X6+Wt+x93qrWM2hVw/eUWuBdTkhzqeveBsXYOuscrqZKyx+d3+BxK7DCsKZADZiaF69hptfbX6jsNtTf5WwdxsVi6XfZhTafhNSQXD+INDdOp1U2yt0AzFGjj6jaTWsNQHNAqATJY51o4mbgDTiOy3ioVsZQp4nZ2IcMniDGugO46D8Y0ym2o89V2m1x9jw7K5b9oJa4huo+7cKhHQuj26K1dCa0V4UNdipcLEJiYiBmYNzlzaAduGRua69edqEW4nD7SdgcU5+EqlwYSAXNgVG5tHN5G3LpB0nw9Ctj67q9ZxMmXO+jWDSIi3AALF2Lsx1d9zlaNTz0s3r9F1GHf3YDGABosG/vj1VfGiuAyM19P7rzGsXhyRyw7xSKF1iWjmdzvTTQkaA9Fuxsyi45C0gMaC1oMA85IudR7rD7R6T8O2jXoDKJNNwHw6F7CRzs+62G7j4xDeocPkT+ik7TKc7Pc6Pgexw9yz6OK2yLIb5RxIFamppc738Vz2FkGbYHgOzGhreubjXW977rybF46pVvUcT8vZYhKIsgABQL6GyG1jQ1ooOAsO4L0bshxUmvRmxyVAPKWuPzZ7L0teS9kriMY8c6Lvk+mV60rGWNYa4jHmZZ1x4hp8qeyKDEVS2CP6KdWVKQdqpCplFh6xdyt8/JZCjp0w3TT98VIiIiIiIocQTFvb6qZERYWEkm9x+vNZqtAHtZXIiLzPthYZwzulQfNhXpi4LtZw4dhadUXyVCLcA5hJ+bAtMwP2z+bq0wVwbPQ68x4tI915WiK+hSc8hrWkk26lVi78kAVK9T7JKoOFqM4tqA+hY0D/KVud7m2pu/mHvlI+hXK9mtOthqtWnUaAKjcwMtgOYbTys4+y6XbmPpupd3nzODgQRcCLGTxsTpK2R3w3SRGYcrjUGq+eYy6G6ae9jgQaEEEEaDccDZc7Xph2vuuX2xtRozUqRMaOfz1ENP8P18tb94NtZppUnW0c4fi1EAj8P18tc3d/cPFYhja5cymDD2ZwSXDUEsiIPXXlCgyks83PgrLDcLgSoE5O0afpB24EjWvAUtqb6YO7GCa3F0DjaRFOoQ5mZpDHOPwF2b4mTE+Ym2vYu2u7ZeMOHqg/Zapz0j/4cxuGjiwGZbwEEdbsZt/uCMJtbDNLHDw1GDNTcPhzQbg/y3E6CyxO0LGYKtgqZZWFR4cO6IdmcRADw86gREzeWjqrRoDGkg3F72PMFS4kR81GY2NDOR4LbHM3ch7Ts4aGo01Gyk27i27KqDEYR7HU8QC44eTlkiRVpgaN0+gt8PFAVcbWNes53xSSfSGsHCBoOCi2Psx+IMunK20nlbwtnjfyC65uz2NaGsGUC0fvj1UCYmwDkFvQfnktGIzv8PYYcEh0cihfQVA2rrV1KUF9AXVoAsGhTDAAwQBoFt+7bMwJUNHDBpkmSr6dYEkRoq2K/P8u3uuNYCCS83J3vfj1K2+7jJxDegcfkR+qm7TKkbOf+ZzAP72b6NKg2HjqdF5c8G4gEXi8mR6BaztS2o19ClSpnMHPL3Fs2yjK0HkTmNuitcPiMEs5oIqSbb7D0CusHh/qTkIcHV/p7XsvNAiysPs6tUGZlNzh5H/ZQVqD6ZyvblI/KZ+a9qK0X0IRGFxYCKjUVuOo2712nZK0nGOPKi/5vpr1peY9kOH8derGjWMH9olx/yj3XpyspYftriMfcDOkDYN9K+6IqKqkKmRERERFRERVREREREREWi3u2WK+CrUwLhpe0Di5nij1iPVb1Q1XukACx6LxwzAhZwojob2xG6ggjqLr506LoNzi3vHzEx4fdswot8tknCYt7I8Djnpnm1xJA9DLfRaam9zSCCQdRFiPIqliwy5pYei+iTMNs7KljDQPAofMfYjmvR61QNaXOMAAkk9FpN6t4KLh3GDBLSBnqGc7rTlaDoBxtJ8teexO0K1RsPqOI6kx6/wBVs9w8HTq4+kyoARDnZToS0FwB53E+i0ysrkN6Eml+HSvH2VLJYNDkmumJjtubUgDQUFdxc8NhbXVQYTYGK8Nd2GqGkC1xOV12SHOdHERN9F3+++z8ViG0cTgajnBoBDabjN4LarLgG1vbqtXvhtjaH2t2DnJSqlrWFjfE5jiGmDqSZuAeEW427yY2vsh9OhhK7sjqYJbUyvh2ZzS4SPDm1gQJBVjRoDhelq9eS2vfHjxIMTsB5Di0dotLSBUE/wA21vKl8rtArH/ptAYrKMQS10WkEUyHm3C7QYtJXBbL2eapl0ho166SBb/hZ2HpYjaFXva73OFg5x4AXDGjQfFoLCZ4rfVsKKYAa2GgQI4eahTEyC/KNfzzUKdxA4VLfDQSDFJJNPlZmvYegOmrhoDkYHu2tFNjcoaLD+vFS4irlEwsTBsJdPALYPaCIKqnta165Br3xGkk3Nb8VDhq2aQRdZWHoOqPDGCSf3J6KzA4Fz3ZabSSdenUngF2eydltoN5vPxO/QdFJl5QzL6gUbufYc/T12Q2up2ld9gotpCm9rS1o1d7kzw4ry3/AK9Tq4h1JtKaZeWs4y0uygmTedfVb3tH3oaxhwdEy51qpH4Wm3dj8x48h5mPNKNQscHgwRBnrMhWk5DhP7AAtavDgK8AurwvBWRoDokYXcOzqKcHePkKkXC9HpsDQGtAAFgBYAdAtZvJhWvoucR4m3B+UeRlWYLeKi9oznI7iCPpF1E/GHHVmYOhMPcA50QAJOaAOAAJvyhU0GDF/UFjr+dVWyWHzcKba97C3KcznEGgAu45tDUV0JrW+tu27NsB3WAaSL1XGp6GGt/yz6rq1Fh6LabG02CGtAa0cgBACmXWMblaAoczHMeM+KfqJPTgO4IiIsloREREVEVURERERERERERERFyfaBsH7Xhi9gmrSlzQNXD8TPO0jrbivHQ0DVfRy8q7RN1DTccXQb92TNRoHwEzLo/gJ9j0NoczC+sd/wB10+AYgB/pYh1+XqdW9+o514hcI50q/D13U3tqMJDmkOBGoI0IUaKEuroKUXf0u01/dgVMI19QaPDiGz/FlgkehWs2Xs3EbVxDsVXcW0m3qPiAGtE93SHOD6TJk685s/BPrVAxvmSdLayu32TgTh25GVqhB+JuYCm7mcnO2uqxjTgbQPNeXpVc9PRZTDGuEuA2K4WsTbzDa7bV2K3uwtiMqMcGfdsbAaAJvxmdeHusx+7VQfC9h87foVpqG+jcGRRrYd2UyQ+mZkFxiWugT6rZ0O0PZ7h4nvZ0cwz/AISQvYErKxITS81dSpNSLny5Lmhhk29oiBhcHXqO1Wu9ifO6kZu3V4vYPUlSYjd7JSc7vC5wEgAQLajiTaVDV7QdntFqj3dBTd/qgLW1d/6VZ/c0KTxmtnflGUwbBoJufMarN8pJMYTyO5O3XVDhc0GOeYbgACTW1gKnW/drwXSbv4yn3IaS1rmzNwJi+brbj0XMb37+sYDQwbszrh1X8LelP+J3XQdeEZavP9sUmsr1Az4cztNBe4Hlcei0ys897BDpSg14/bu8lNwCWgzEYiKK5RUDbWl/EUG962CxCZMkyTck3JJ1JPEqiKrRK2LulReqdmW7/dUzi6jfHUEUwR8NMwSemYj2A5rl9xt1XYur3tUHuKZuf43DRjenM/qbexMaAIAgCwA0HRS5aFU5z3LmcexEBvw0M3Pzchw9z3cTS9ERTlySje4Qb6a9FjvxAdYg8NFfiWiCAL66cFhIi2bagOnmrlBRJa0AtN/l5qdERFVERFYTH74c1esau5zW3Op9giKV7oiBMlSLVAxcLYUbjMTr+7IilREREUdWmHAtcAQQQQRIINiCOIUiIi8o3z3GdRmvhATS1dTEl1PmQBcs+Y8rjhZX0iuN3l3EoYmalCKNU3MD7t5/M2LHqPUFQostuzw+y6nDseAAhzR6O/8AX3F+IOq8+3PrNbUc06kEN85aSPYSuuXEbU2JisG/7xjmwbPElpPCHjj7FXt3gxDWxmE848X97RU8xKue+o76rLFMIfOxRMS72kOpWpta1QQDtQEa1G+2ZvjUaTTYPiuT5Hh6wfZc2r6tYvJc4kk3vqVYpMNmRgar2RlfhZdsGtab8yST5m3KiK5ji0yDBFwRw6q1Fmpa2x3hr5csjlMX9/6LVEk3Kos7ZeyMRiXZaFIvPGB4W+ZNh6lYtY1vyilVohwIEs1xY1rBqaAAd/5QclhASut3Q3OqYoipVBZR1LtHP/Kzp1+p06jdvs/p0oqYqKjhBFMXptP5iRL/AJDoV3DGgCAIAsANB0U6FLHV/gufxHHmgGHLXP8ANsOnHqe4HURYTCspU206bA1rRAaNAFkIimrkySTUoiIiIoWUreICb3CmREVAFVEREREREUNWkDMkx9OqmREWC3DWmZHTUrK7psgxorwqoiIqExdWUauYTCIpEVmfxZY4TKvRERERFj1cM11iJBEEG8+Y4rQ7T3HwNe5pd24/ipeH/CZb8l0yLFzWu1C3QZiLBdmhOLTyK81xfZd/4cVbgHsHzcD+i17+zHGDSrR/vPH+hetItJloas2Y9Ot1cD1A9qLyVvZjjDrVoj+08/6FmYXstd/3cU3qGMLv8TiPovTkQS0NHY/OkUBA6NHvULk9nbg4GjBcx1U//I6R/dbE+srpqFBlNoYxjWtGjWgADyAUyLc1jW/KFWx5mNHNYri7qdOg0REUZqtBgmFktCtdVIeGxbmr6lgSOSgxVbgPOfosQlEWzpzAnVVWFRrkW1nSeCnp0odmJ1RFOiIiIiIiKiKqIiIijqVQ3XREUiKOnUDtP6eSkRFYyoDoVhVK5k5bDp9VmVGAg2Ghha1EUrKzgZmfNZLszwC0wFgrLw7yAPCTJ1RFloiIiIiIiIiiqPbBvp8jwRFKiwn4gOiW2mdVkseDpPnwRFIiIiIiKOu1xHhN0RYeKbDj6KJZxw8i5vzWMMM46RyXq8UbQZELYU6kkiCI5qCkwMd4jfgsteL1ERWuFtJ80RRiuJjj++KlBlYf2Yg9By1WYERVREREWNiKJdpH+881koiKHDUsoj/j0UyIiKF9Il0zbkosRQGoMTaFlq1zAdQiLE+zQJJ0WVSeCLaaK4hUa0CwCIrkRERERERFj4lsiAL66LIREWqWbSzNDRl+enFXNp2gxN5IUsIiqiIiIiIiIrKVMNEBXoiKN9IEgngpEREREVERVRUVURERERERERERERERERERERERERERERERERERERERERUVURERURERVREREVAiIiqiIiIiIiL/2Q==', '2022-10-18 22:17:37'),
(4, 'Local News', 'data:image/jpeg;base64,/9j/4AAQSkZJRgABAQAAAQABAAD/2wCEAAkGBxETEhUSEhMVFRUXFxUVFRcVFRgVFRUVFRUWFhUXFxcYHSggGBonHRUVITEhJSkrLi4uFx8zODMtNygtLisBCgoKDg0OGxAQGysmHiUyLjIuLS0zLS0tLy0tMTc1Ly0tLy0tMi0tLS0tLS0tNS0tLS0tLS0tLS0tLS0tLS0tLf/AABEIAOEA4AMBIgACEQEDEQH/xAAcAAEAAgIDAQAAAAAAAAAAAAAABgcBAgMFCAT/xABNEAABAwECCAcLCQYFBQAAAAABAAIDEQQSBQYHITFBUWETInGBkZLRFBU0UlNyc6GxsrMjJDI1QmKCwdIzg5PC4fAWJaLD8RdDVKPT/8QAGwEBAAIDAQEAAAAAAAAAAAAAAAMEAQIFBgf/xABBEQACAQICBAcNBwQDAQAAAAAAAQIDEQQhBRIxURRBYXGBobETIjJSU3KRkrLB0eLwBhYjMzRD4RUkNYJiotIl/9oADAMBAAIRAxEAPwC8UREAWrXVWr3LZiA2REQBERAERakoDZFpRbAoDKIiAIiIAiIgMErDTVaOdVcjUBlERAEREARFoTVAbotN+lboAuNzls4ZlhjUAY1boiAIiIAiIgC0at1ghAarYBAFlAEREAREQBcTjVbuFVhjUBlrVsiIAiIgCIiAwVqFutS1AYWwCALKAIiIAiIgCIiAIiIAiIgCIiAIiIAiIgCIiAIiIAiIgCIiAIiIAiIgC45JQ0VcQBtJoOkrkUYyi/V837v4jFiTsmybD0u7VYU721mlfndjve74vKM67e1O74fKR9dvavPBbvWpbvVbhL3Ho19nIeVfoX/o9E93w+Uj67e1O74fKR9dvavOt1cbljhL3Gy+zUPKv1fmPRvd8PlY+u3tWe+EPlY+u3tXnA/3nQ59teXT/VY4U93WZ+7MPKv1fmPR3fCHysfXb2p3wh8rH129q82E8vSleXpWOFvd1mfuxDyr9X5j0n3wh8rH129qd8IfKx9dvavNleXpWK8vSs8Ke7rH3Yh5V+r8x6U74Q+Vj67e1O+EPlY+u3tXm0bc/TpWhP8AdU4U93WY+7MPKv1fmPSvfGHysfXb2p3xh8rH129q8015elDtFenQs8Je7rMfdqPlX6vzHpbvjD5WP+I3tTvhD5WP+I3tXmYnl6VqRy9Kzwl7jR/Z2K/dfo/k9N98IfKx9dvanfGHysfXb2rzER/dVghZ4Q9316CKWgEv3H6P5PT3fGHysfXb2rMduicQGyMJOgBwJPNVeXyyn/CkGTdv+Z2bz3/Deto1rvYVa2iVThKWvsTezd0nopERTnGCIiAIiIAozlD8Am/B8RikyjePwrYZRSuePp4RlFrPwWWsD+qpedHtRS5CmGI2KsFsjkdKZGljg0XC0AgtrnvNKjMzHN+m0Z9gA6CNBVj5KmUhmpnBe0jq+oqnTinKzPX6Trzp4WU6bs8s1zkVygYtw2PgeBMhv8JevEGl25SlGjafUoeQrKyxabNyTe2JVw4LWpFKbSLGi6s6mEhObu3f2muxIzY7G+WRsTAS5xDQBrJ9g113K0MEZMYGtBtD3SP1hpDWDcCRePLUci6bJJZA60SyHTGyjdxe6leWgI5yphj/AIckslmD4qX3ODASK3Rdc4mhzE8WmfapKdOOq5yOZpPHYmWKjg8O9Vu2fK89vEkt3wPgt2TOxPHEMkbtRqHCu8HOeYhVhjJgGaxymOShGlrhocNo2bxq6CbGydY2Wi1SSQ2ghxDC9rg0NIuua0tNAAfpZs2ormyt2IPsrJKVdHKANt17SHDpDOhJwhKnrxVjTB4zF4bGrC4iWsnx7dqyabz5GmVxipi1LbZC1hAa0AveRUAHRm1k0NBuKsyyZNbAGi8JHna5wb6mgUXJkwsYjsLHCl6R73OIz1ungxn/AALpsoWOFps04gs5awBrSSQ1znF1SRnBAAFNSRhCFNSmr3NcTi8ZjMZLD4eeqo3W1rZtbazzfF0cr2w/kxjuF1le4PAzMfdLXU1B1BQ8tRyaVVksRaS1wIzkEHMQQaEEbaq+cRcNPtdkEsgF8EscQKAkAOBA1ZnDnqqyyo2IR25zm5uEDXnlILT0kV51rWhHVU48ZZ0RjcQ688LiXdq+fHk7NX400/ri+HEfATLZaeDkvBga5ziyleJQChII0uGpWJ/0ssHjz9aP/wCa6LIxZ6yzy7GNZ1zU/DVoNtAL3R62tY8jc8vaPWwrehTi4XkilpnSGJp4qUKU2lFK6XLnfrRQuPOAmWO08FGXFha1zS8i9R9Q6pAA0gr5MU8FstNrihkLg1xcCQQHZg52aoI0galMstNn+Vs8u1jmH92b3+4ugydx0whBXO6rzTYODdp36FG42qW5Tr0sROeju6377Ulnyq+fpRK8Y8nNjgss0zHzF0bHPaHOYWkjbRgNOdVOV6Jx0HzC05yPk3cy89Ssoaf3uIW9WKjKyKWhq1SvSk6km3fj5jiKkWTgf5lZvOf8N6jxUjycfWNm85/w3rSLzXOizjYWoVPNl2M9CIiK+eHCIsEoDDjRbLiJJ7FyBAZUcx6eW2KUjUYz/wC1lVI1HcfjSwTH0fxWLWfgstYJXxNPzo9pVkkgc0PeKNFaCtS4qd5LH1imzUHCNoBq4qraR1eQaBqCsfJR+xm9I33VWpeGj02lY2wcujtPiywabNyTe2JVw4KyMr2mzck3tiVdkLSt4bLeiP0VPmftSJ5kf/aWnzY/ecu0yu+DRel/kcutyQjj2jzY/ecu0yt+Cxel/kepP2frecqr/ml/r7JGskHhcnoX+/EphlLcO4jWlOEZWo5dRUQySN+dyehf78SlmVMfMH+ez2lYp5UpGcdnpamvMPrycj/L4M5OZ4qdgleFXGVXw9/mR+6rHybfVtn5JPivVdZU21t7vMj91a1PyY9HYbaN/wAtW55+0fdiJjpZrHZjDM2QuLy6rA0ihYwDS4GvEK6HHvD0dsnbLGHBojDaPABqwuJPFJFOMo6sKu5ycdV7Dvw0fRhiHiIp67vfPLPkLgyQWcCyPkpnfLQbw1jSPW5y7Ww4QvYWtEOptnj6QQ//AHit8nVmuYPgGtwLj+Jxp6qKG4Gwie/zzqc+aPmbea31sara72EF9fWZ5eUFiMTjJcSjK3+rVuqJ3OWKzA2SKSmdst3kD2Or62tUIxAcRhKEjQ69z8RxPIahWflHs1/B84Gloa4czhX1VVV5OXHvhANRr08Gc61q5VV0F3RstfRdReKqi6HG/aW9jmfmNoJFfknZu1ee5HEmpXoXHUfMLT6Ny89EJiH33QZ+zq/Am+X3HGQpFk6+sbPyv+G5R8qQ5PfrGz8/uFRxea6DqY6P9vU82XYz0EFlaRlbroHz0wSuMmq3eEa2iANatkRAFHMoHgE37v4rFI1HcffAZf3fxWLWfgstYH9VT86PaU+QrIyV/spvSN91VyQrHyWfspvPb7qq0vDR6jTD/tJdHafDlaGezck3+2q9IVh5WdNn5JfbGq/KxVffsn0QnwKnlv8AaZOckY+UtHmx+85dplZHzWL0v8j11mSZ3yk42saR+Fxr7w6V2uVWMmysIGiYVOyrHgE89BzhSfs/W85dX/Mr/X2URvJL4XJ6F/vxKV5U/AHeez81GMk8J7pkfd4oicK7HOeyg56HoKkuVR4Fh3mRgHMHO9gK1h+SzbFu+l6fI4fHsPryb/Vtn5JPivVdZVPDneZH7qsPJs8HB8I2cID/ABHH8woDlVhcLaXUzGOMg6jQEGnOFiovwY9HYbaNf/1qy5antGmKeIwtsPDcPwdHllBHerRrDWpePG2al02NmLxsU7YuE4SoY68Rd+mXClM/i7datDJXA5thFW0DpHubvbRra9LSozj9AJsKwxaaiBjhyyGo6HqOdNdyUltZcw2kKz0lUpSl+HHWysstXltfIsrBUPBWeJh0sijadpusAPPmVPYDwXbW26Kd9nnA4YOJMMlA0v4xJpsJVz2y1RxsdJI4NY0Vc46AF03+N8Hf+Szof+lWasIuyvaxwdHYnEQjUdOk56+TaTy27t9+w7PDNn4SzzRj7UUjedzCAqTydfWUHnP+G5XrZ5mva17TVrgHNOotcKg9BVMYrWXgsNNj8SWZvMBIB7FrXXfxfL7y3oaf9riab8Vv/rJP3Fo46eA2n0bl57K9C46eA2n0bl56I5ehRYl2n0HQ+zUW6E/O9xqRrH/CkGT/AOsIOf3Sugodh51IMQvrCA8vulRQ8Jc6OrjlbDVL+LL2WXzA5fQvigcvsC6Z84MoiIAiIgCjuPvgMv7v4rFIlHse/AZfwfFYtZ+Cy1gf1NPzo9pUSsXJeaQy5/tt91V5RaqpF6ruewxeH4RSdK9r2z27OlF8vDDpoeWhWLjNjegKh7vKtHBS935DkrQEfKv1fmJRaML9y4UllpVoe9rwNbHXa84IB5lZNitsFpjrG5kjCM4zHmc06DuIVFkLDXEGrXEbwaHpC0hVcbl3F6JhiIx760opK9ttlxrL035HcvkMhgYSBHEwZzQNjaN50BVTlDxjbantiiNYmEmvjOOYuG6lQNtTuUbmne76TnnlcXe1cJCxOq5LVWSNsBoiGHqd1nLWlxZWS5drbfP2kyyc4zss96zzOusc+rHn6LX0AIJ1NIAz6iDXSrPlgimaC5rJG6W1DXjlFaheenLeG1SM+g9w5CR7CsQrOKta4xuhoYiq60J6snt3X37VZ+ntL3wvhiz2SO9K4NAHFYKXiBoDG/2BuVX4sWg2vC7Z3ilS6QiuZoYw3RXdxQolI41qSTXWc55yuI8q1nVcmnbJE2D0RDD05xUrymmta2xPcr9O3NriWRdWUy1BuD5Gg53ljBn+9ePqYVSQpUcx0ZtR0V5Flx5elcrWVAOv2/1VrCU44nEWmsrb9xUxfdNDaPboyTess2t6tsu920srAeUWzx2eKJ8cxcyNrHFrWFpuimYmQHQBqUfiwvCMJ93Br+DvF13NwnGaQTSt36RP2tC6nAeCZLRK2GO7ecCReNBxQSc4B2LtML4tT2S4ZrlH1oWOLs7aVrUCmn1FdeWBw11B7VsVzxMNJ4qm5zhbvk1LLKz28xPP+oVkIoYp+dsf61qMeLF5GXqRfrUOt+L00ELJpLlx927dcSeM0uFRTYCu1ixItZANY84BHHOv8KOjhkrt5c5XVau3a3UfDj1bYbdwPBNMfBl5N8AVvXKfQLq6Dp2rpMXbH3PaI53OvBpJIAqc4cMwoBr2qSW/FW0QtD38HQuawUcTncaCvF0L5sM4Dms13hbvHvUukn6NK1qBtUaweFnLWTu3y7i/DTePo0HQy1bNPveKXL0slMeOdnH2Zuq39a+luPVm8Sbqs/WojbMXp4oRO65cIacziXcelKim9ax4DldZzaRd4MV0k3szrpoKbd6lVDD2vfLZt49xz3iK6drEy/x3ZfEm6rf1p/jqy+JN1W/rUUwVizaJ232hrWnQXki9yAAnnXFhbAU9moZALpzBzTVtdmcAg8oRUMPrat891zSWJxCjrWy32Jtg/G2CaRsTWSAuNBeDaDMTno4nUpGqqxV8Mh84+xytVVcVSjTklEtYStKrFuW/3BfBhbBzLRE6J5cGuukltK8VwcNIOsL70VYuRk4yUo7URE5P7L483WZ+hcbsn9lOh83OWfpUtc6q3atO5x3Fv+o4ryj6vgQTCGIDbjuCe4vA4ocW3TuzAUrtVfyxlpLXAggkEHMQRmIKv1QrHrFvhWm0xD5Ro44H2mgaR94DpHIFHUpK14nS0bpSWv3OvK6exvie58j6nyFYkLBC5Fy2KxvlkbFG285xo0fmdgGkncqx6a6jmxgzBz55LjRm0u2AbT2Lv3Yqt+90t7FP8BYvRWeIRjO453u2u7BoAX2Pwa0q1Ciku+PJ43TFWpU/Ak4xWy3Hyv3LiXLcq92LLfvdI7FxHFtu/wBXYrOfgkbF8z8Eblt3KG4qf1PGeUkVq7F1v3ukdi43YvN39I7FY0mCdy+d+CtydyhuM/1TGeVkV4/ALN/SOxddarIGOuiuiuferItGDdyh+H7PdmpuHtKuYCnGNa6XEyjpHHYitR1ak21dZM+3J2359Gd0nuOU4x+swksjiM5ie13JqP8ApfXmUOxBb89j5JPcKnDJBJPbbK7Q5rCPxwtY72N6VZxLarKW5J9f8nPoK9Jx3trqOrxybXB8HLF8J6+7Gi3SQ2ON8TixxMYqKaCw5s/IF8mN5u2KEO0gxgjSKiN1QQu5wpFZnWdgtJAj4hBLi3jXTTOCN6hTWrC6urv3ErTbnZ2dkVxbMOWmRt2SVzm1DqENGducaApflGbes8Tx49B+Jjj/ACqO40WextMfcpBBDr9Hl+fi3dJNNalOE4+FsNnO+zdLi1h95WJuOtTmlZXfIVopuNSLd8lyn2Y1wfMZG+K1n+lzT7AumthuYHaPGDf9Ul/2KRYccHwWhg0tjcecsJHsUexrFywWeP0Y6sZr66Kvh3dRj/yv1E+IVteS8Vo7HGSeSGxNMBLacGKt1Mu0FNme6OddNa8YYpbCYpXEzUH2Tnc19WmtKaAF9OKmHI3xiyz00XGF30Xt0Bp36htza9PV4wYuugdejzxuJoTpZuP5Hd0y0oRjLuc/CTunvIK1Sco90p5pqzW76/nZmfFioPncPnH2OVrKr8Wqi1xAgVvHRQajs0qzwVpjn365vezfR35cuf3IyuJzqrkIWGt2qkdAwxq3REAREQFa484sFh4eBtWuNHtArde40BAH2STo1E780ixNxdFmZwjx8q8Z/uN03B+e/kClCKNU4qVy/V0jWqYdUG8uN8bXEnzdeV+UtBsW6wQpCgarYBAFlAYIWhibsXItXnMgOutNnaq4xziAtObxW+1ysmdyrvHPwn8Lfa5WsH+b0Mq4v8rpQxEzWyPkf7hXfvtIZhY6r4aw770bbtPxBuZRLAeEe55my3b1A4UrSt4EaaHauTCmFTLaO6A24ascBWtCwChrQV0K7Ok51HutbpKkKqjTS4736CZZRRSzN9KPckWcdIy6xMDQSb0egEn6DtijuMWMxtUQj4K5RwdW/e0NcKUujxl2cOPZDQ3ucZgB+02DzVBGlVjGFo5pvjRNKtTlKd3k0lx8pEHwPAqWuA2lpA9asnFlvC2KEHU5p/hTXh7oUXw5jUbTEYuCuZ2mt+9o3XQs4CxrNniEXBX6Fxrfu6TWlLpUtaNSpTWVmmQUqlOnUffXjbcSmyycJabbH92Jo543V9q6XKI6ggYNQeei4B+a6ywYzmO0Sz8HXhfs3qUpoz0z9C+bGDDBtT2vLLl1t2l69pNSa0G7oWtLDzjVjJrJJenVsYrYiEqMop5tv0a1+w7TGbF+KGFksIeauF41vUBaSDmGbPTOu+t07jg+/J9K4058xJvC6TsJzdKj+B8bnwxiORnCBoo03rrgBoBzGtFwYdxlfaBcDAxlakVvFxGipzZtydyrScYy4ntvxDu9CKlKLtdW1bcfYZwDTuuKtC4u5mi6VZKq3FY/O4eU+wq0lDjlaa5veyfRstanJ8vuQREVI6AREQBERAEREAREQBERAFxTFcq45GoDrZyo3hnAYmk4QvIzAUpXRXfvUpmjXxSxLeE5Qd4ms4RmrSRD34uAf9w9Udq4H4DA+2ej+qlr7OTqWowU92pScJq+N2fAi4NS3dvxIc7BdPtHoXC6xU1qdsxeJ0r64cXmDSs8Kq+N2fAcFpeL2/EroWF50BckeCJDqVmMwPENS+llkjGhoWOFVvG7PgY4JR8XrfxKhtNmdG668UOnlG0LjVoYfwKy0R0ADXtqWO2HWDuP9VDsXsXnzSkStLWRmklcxLh9kfmdnKF0aWKjKDlLatv8c/acmvhJxqKMc09n883YMB4sSTs4Qm40/RNKl2002Lt24ijXN0MHapeyMAAAAAAAAaABoAXIqMsZVbbTsug6MMBRUUpK735kXwZik2GVkolcbprQtArmI271KERQTqSm7ydyxSowpK0FYIiLQlCIiAIiIAiIgCIiAIiIAiIgNHRgrHAN2LkRAaBgGgBboiAIiIAiIgCwFlEAREQBERAERakoDZFpdWwKAyiIgCIiAIiwSgBKww1C0JquQBAZREQBERAERaHOgN0Wl3ZpWwKAyiIgCIiAIi1c5AYc7Yt1xNauVAFot1ghAarYBAFlAEREAREQGCVxk1W7hVGtQBrVsiIAiIgCIiALRuzWt1ghAagLdEQBERAEREBq5y0a2q3c2q2QBERAEREAREQBERAEREAREQBERAEREAREQBERAEREAREQBERAEREAREQH/9k=', '2022-10-18 22:18:59');

-- --------------------------------------------------------

--
-- Table structure for table `doctor_user`
--

DROP TABLE IF EXISTS `doctor_user`;
CREATE TABLE IF NOT EXISTS `doctor_user` (
  `id` int(100) NOT NULL AUTO_INCREMENT,
  `doctor_name` varchar(20) DEFAULT NULL,
  `doctor_type` int(100) DEFAULT NULL,
  `address` text,
  `picture` text,
  `experince` int(10) DEFAULT NULL,
  `phone` varchar(15) DEFAULT NULL,
  `email` varchar(20) DEFAULT NULL,
  `password` varchar(20) DEFAULT NULL,
  `fcm` text,
  `about` text,
  `symptoms_category` int(100) DEFAULT NULL,
  `created_at` datetime NOT NULL DEFAULT CURRENT_TIMESTAMP,
  PRIMARY KEY (`id`),
  UNIQUE KEY `email` (`email`),
  KEY `symptoms_category` (`symptoms_category`),
  KEY `doctor_type` (`doctor_type`)
) ENGINE=InnoDB AUTO_INCREMENT=7 DEFAULT CHARSET=latin1;

--
-- Dumping data for table `doctor_user`
--

INSERT INTO `doctor_user` (`id`, `doctor_name`, `doctor_type`, `address`, `picture`, `experince`, `phone`, `email`, `password`, `fcm`, `about`, `symptoms_category`, `created_at`) VALUES
(2, 'meena kumari', 3, 'allpatti', '1660561053100-IPL-Match-9-MI-vs-RR.jpg', NULL, NULL, 'mk@gmail.com', '12345', 'dyI8zBPNSqOO13bQY0ZxxE:APA91bGRyUKZ7TVWHgBOXw-F-BsGgXiMZT09XjdxLfC16S_HA7KziFBusb3f1tr60QQL-M_2DoFyOliawC9IOl7qtx8DL80_DmwPJGZHaH9WjqkS-M5bNlUQ6gSMJpzx0yNN0hy-g6uz', NULL, NULL, '2022-08-15 16:27:33'),
(3, 'KKyadav', 1, 'beta', '1660564302143-dice.jpg', NULL, NULL, NULL, NULL, 'dssdsdfgdghdghdghdgdf', NULL, NULL, '2022-08-15 17:21:42'),
(4, 'VijayKumar', 1, 'Donar', NULL, 7, '765982312', 'Vk@gmail.com', '12345', 'wfhh00000000000000000000000000000000000000000000', NULL, 1, '2022-10-06 16:22:27'),
(6, 'AnilKumar', 1, 'Donar', '1660561053100-IPL-Match-9-MI-vs-RR.jpg', 7, '765982312', 'ak@gmail.com', '12345', 'd2stW00_Rpa4Qd_AS7B6Rp:APA91bEKMdZvI7bD-9tGnsBFjL0WMPunQQdedZ55Wxm3BDbYncJysKuVOUHNPBU81ZpUgLTTXyB7awuTMjkpEUg0p78-yExJNlzLcxs2J4mWIFvguwI4zJLZ_4gC7inPCeJjSU2ZilLn', NULL, 1, '2022-10-06 19:33:11');

-- --------------------------------------------------------

--
-- Table structure for table `offers`
--

DROP TABLE IF EXISTS `offers`;
CREATE TABLE IF NOT EXISTS `offers` (
  `id` int(100) NOT NULL AUTO_INCREMENT,
  `offer_name` varchar(100) NOT NULL,
  `validity_from` datetime NOT NULL,
  `validity_till` datetime NOT NULL,
  `image` text NOT NULL,
  `offer_detail` text,
  `created_at` datetime NOT NULL DEFAULT CURRENT_TIMESTAMP,
  PRIMARY KEY (`id`)
) ENGINE=InnoDB AUTO_INCREMENT=2 DEFAULT CHARSET=latin1;

--
-- Dumping data for table `offers`
--

INSERT INTO `offers` (`id`, `offer_name`, `validity_from`, `validity_till`, `image`, `offer_detail`, `created_at`) VALUES
(1, 'dewali', '2022-07-13 00:00:00', '2022-07-30 10:00:00', '', NULL, '2022-07-23 13:16:23');

-- --------------------------------------------------------

--
-- Table structure for table `slot_booking`
--

DROP TABLE IF EXISTS `slot_booking`;
CREATE TABLE IF NOT EXISTS `slot_booking` (
  `order_id` int(100) NOT NULL AUTO_INCREMENT,
  `user_id` int(10) NOT NULL,
  `doctor_id` int(10) NOT NULL,
  `booking_date` datetime NOT NULL DEFAULT CURRENT_TIMESTAMP,
  `booking_status` enum('request','confirm','cancell') DEFAULT NULL,
  `confirmed_bookings` enum('waiting','Complete','NotCome') DEFAULT NULL,
  `updated_at` varchar(10) DEFAULT NULL,
  PRIMARY KEY (`order_id`),
  KEY `user_id` (`user_id`),
  KEY `doctor_id` (`doctor_id`)
) ENGINE=InnoDB AUTO_INCREMENT=102 DEFAULT CHARSET=latin1;

--
-- Dumping data for table `slot_booking`
--

INSERT INTO `slot_booking` (`order_id`, `user_id`, `doctor_id`, `booking_date`, `booking_status`, `confirmed_bookings`, `updated_at`) VALUES
(1, 6, 2, '2022-08-14 20:31:40', 'request', 'waiting', ''),
(2, 1, 2, '2022-08-14 20:47:30', 'cancell', NULL, ''),
(3, 8, 2, '2022-10-07 20:09:44', 'cancell', NULL, ''),
(4, 6, 3, '2022-10-07 21:08:05', 'request', 'Complete', ''),
(5, 5, 4, '2022-10-07 21:08:05', NULL, 'Complete', ''),
(6, 6, 6, '2022-10-07 21:38:06', 'request', 'Complete', ''),
(7, 6, 6, '2022-10-07 21:44:49', 'request', 'waiting', NULL),
(8, 1, 2, '2022-10-07 21:55:42', 'cancell', NULL, NULL),
(9, 1, 2, '2022-10-07 22:42:23', 'cancell', NULL, NULL),
(10, 1, 2, '2022-10-07 23:20:47', 'cancell', NULL, NULL),
(11, 1, 2, '2022-10-07 23:21:18', 'confirm', 'Complete', NULL),
(12, 1, 2, '2022-10-08 20:28:20', 'confirm', 'Complete', NULL),
(13, 1, 2, '2022-10-08 20:38:28', 'confirm', 'Complete', NULL),
(14, 1, 4, '2022-10-08 20:38:54', 'request', NULL, NULL),
(15, 1, 6, '2022-10-08 20:41:49', 'request', NULL, NULL),
(16, 1, 6, '2022-10-08 20:42:03', 'request', NULL, NULL),
(17, 1, 6, '2022-10-08 20:43:52', 'request', NULL, NULL),
(18, 1, 6, '2022-10-08 20:46:55', 'request', NULL, NULL),
(19, 1, 6, '2022-10-08 20:50:27', 'request', NULL, NULL),
(20, 1, 6, '2022-10-08 20:51:16', 'request', NULL, NULL),
(21, 1, 6, '2022-10-08 21:16:23', 'request', NULL, NULL),
(22, 1, 6, '2022-10-08 21:19:57', 'request', NULL, NULL),
(23, 1, 6, '2022-10-08 21:38:26', 'request', NULL, NULL),
(24, 6, 2, '2022-10-09 00:04:50', 'request', NULL, NULL),
(25, 1, 6, '2022-10-09 12:00:15', 'confirm', NULL, NULL),
(26, 1, 6, '2022-10-09 16:22:55', 'request', NULL, NULL),
(27, 1, 6, '2022-10-09 16:24:14', 'request', NULL, NULL),
(28, 1, 6, '2022-10-09 16:24:15', 'request', NULL, NULL),
(29, 1, 6, '2022-10-09 16:27:52', 'request', NULL, NULL),
(30, 1, 6, '2022-10-09 16:27:59', 'request', NULL, NULL),
(31, 1, 6, '2022-10-09 16:29:17', 'request', NULL, NULL),
(32, 1, 4, '2022-10-09 16:34:04', 'request', NULL, NULL),
(33, 1, 4, '2022-10-09 16:34:08', 'request', NULL, NULL),
(34, 1, 6, '2022-10-09 16:34:19', 'request', NULL, NULL),
(35, 1, 6, '2022-10-09 16:34:28', 'request', NULL, NULL),
(36, 1, 4, '2022-10-09 16:34:51', 'request', NULL, NULL),
(37, 1, 4, '2022-10-09 16:35:03', 'request', NULL, NULL),
(38, 1, 4, '2022-10-09 16:35:21', 'request', NULL, NULL),
(39, 1, 6, '2022-10-09 16:35:26', 'request', NULL, NULL),
(40, 1, 6, '2022-10-09 16:35:37', 'request', NULL, NULL),
(41, 1, 4, '2022-10-09 16:52:54', 'request', NULL, NULL),
(42, 1, 4, '2022-10-09 16:53:55', 'request', NULL, NULL),
(43, 1, 4, '2022-10-09 16:55:27', 'request', NULL, NULL),
(44, 1, 4, '2022-10-09 16:56:55', 'request', NULL, NULL),
(45, 1, 6, '2022-10-09 16:58:37', 'request', NULL, NULL),
(46, 1, 3, '2022-10-09 16:59:21', 'request', NULL, NULL),
(47, 1, 3, '2022-10-09 16:59:31', 'request', NULL, NULL),
(48, 1, 3, '2022-10-09 16:59:36', 'request', NULL, NULL),
(49, 1, 3, '2022-10-09 17:00:48', 'request', NULL, NULL),
(50, 1, 3, '2022-10-09 17:01:00', 'request', NULL, NULL),
(51, 1, 3, '2022-10-09 17:01:06', 'request', NULL, NULL),
(52, 1, 3, '2022-10-09 17:01:18', 'request', NULL, NULL),
(53, 3, 4, '2022-10-09 17:02:06', 'request', NULL, NULL),
(54, 3, 6, '2022-10-09 17:02:14', 'request', NULL, NULL),
(55, 3, 6, '2022-10-09 17:02:20', 'request', NULL, NULL),
(56, 3, 3, '2022-10-09 18:33:27', 'request', NULL, NULL),
(57, 3, 4, '2022-10-09 18:33:38', 'request', NULL, NULL),
(58, 3, 6, '2022-10-09 18:33:46', 'request', NULL, NULL),
(59, 3, 4, '2022-10-09 18:35:25', 'request', NULL, NULL),
(60, 3, 6, '2022-10-09 18:35:59', 'request', NULL, NULL),
(61, 1, 6, '2022-10-09 18:36:15', 'request', NULL, NULL),
(62, 1, 3, '2022-10-09 18:39:29', 'request', NULL, NULL),
(63, 6, 3, '2022-10-09 18:42:43', 'request', NULL, NULL),
(64, 8, 6, '2022-10-09 18:47:21', 'request', NULL, NULL),
(65, 3, 2, '2022-10-09 19:45:48', 'confirm', 'Complete', NULL),
(66, 3, 2, '2022-10-09 19:46:53', 'confirm', 'waiting', NULL),
(67, 3, 2, '2022-10-09 19:47:22', 'confirm', 'waiting', NULL),
(68, 3, 2, '2022-10-09 19:47:25', 'cancell', NULL, NULL),
(69, 3, 4, '2022-10-09 19:47:44', 'request', NULL, NULL),
(70, 3, 3, '2022-10-09 19:57:45', 'request', NULL, NULL),
(71, 3, 3, '2022-10-09 19:57:53', 'request', NULL, NULL),
(72, 3, 3, '2022-10-09 19:57:58', 'request', NULL, NULL),
(73, 3, 3, '2022-10-09 19:58:52', 'request', NULL, NULL),
(74, 3, 3, '2022-10-09 19:59:06', 'request', NULL, NULL),
(75, 3, 3, '2022-10-09 19:59:08', 'request', NULL, NULL),
(76, 3, 4, '2022-10-09 19:59:19', 'request', NULL, NULL),
(77, 3, 4, '2022-10-09 19:59:20', 'request', NULL, NULL),
(78, 3, 3, '2022-10-09 20:00:54', 'request', NULL, NULL),
(79, 3, 3, '2022-10-09 20:00:58', 'request', NULL, NULL),
(80, 3, 4, '2022-10-09 20:01:43', 'request', NULL, NULL),
(81, 3, 4, '2022-10-09 20:02:04', 'request', NULL, NULL),
(82, 8, 3, '2022-10-09 20:47:34', 'request', NULL, NULL),
(83, 8, 4, '2022-10-09 20:47:45', 'request', NULL, NULL),
(84, 8, 6, '2022-10-09 20:47:51', 'request', NULL, NULL),
(85, 8, 6, '2022-10-09 20:47:58', 'request', NULL, NULL),
(86, 8, 3, '2022-10-18 00:14:42', 'request', NULL, NULL),
(87, 8, 6, '2022-10-18 00:14:56', 'request', NULL, NULL),
(88, 8, 2, '2022-10-19 11:11:43', 'cancell', NULL, NULL),
(89, 8, 2, '2022-10-19 13:35:02', 'cancell', NULL, NULL),
(90, 3, 3, '2022-10-26 15:25:02', 'request', NULL, NULL),
(91, 3, 2, '2022-10-26 15:32:26', 'confirm', 'waiting', NULL),
(92, 3, 3, '2022-10-29 14:00:49', 'request', NULL, NULL),
(93, 3, 2, '2022-10-29 14:01:25', 'request', NULL, NULL),
(94, 3, 2, '2022-10-29 14:57:06', 'request', NULL, NULL),
(95, 3, 2, '2022-10-29 14:57:19', 'request', NULL, NULL),
(96, 3, 2, '2022-10-29 15:04:27', 'request', NULL, NULL),
(97, 3, 2, '2022-10-29 16:27:11', 'request', NULL, NULL),
(98, 3, 3, '2022-11-01 23:48:50', 'request', NULL, NULL),
(99, 3, 3, '2022-11-01 23:55:59', 'request', NULL, NULL),
(100, 3, 3, '2022-11-01 23:56:07', 'request', NULL, NULL),
(101, 3, 2, '2022-11-01 23:56:19', 'request', NULL, NULL);

-- --------------------------------------------------------

--
-- Table structure for table `symptoms`
--

DROP TABLE IF EXISTS `symptoms`;
CREATE TABLE IF NOT EXISTS `symptoms` (
  `id` int(100) NOT NULL AUTO_INCREMENT,
  `name` varchar(30) NOT NULL,
  `image` text,
  `about` text NOT NULL,
  PRIMARY KEY (`id`)
) ENGINE=InnoDB AUTO_INCREMENT=4 DEFAULT CHARSET=latin1;

--
-- Dumping data for table `symptoms`
--

INSERT INTO `symptoms` (`id`, `name`, `image`, `about`) VALUES
(1, 'Cough & Cold?', 'https://www.practo.com/consult/static/images/cough-cold-v1.jpg', 'fever (100° F),\r\nheadache,\r\nmore intense pain and fatigue, and\r\nmore severe, often dry cough.'),
(2, 'fever', '', 'dgdfgdfg'),
(3, 'flu', '', 'okokokokokok');

-- --------------------------------------------------------

--
-- Table structure for table `type_of_doctor`
--

DROP TABLE IF EXISTS `type_of_doctor`;
CREATE TABLE IF NOT EXISTS `type_of_doctor` (
  `id` int(200) NOT NULL AUTO_INCREMENT,
  `type` varchar(100) NOT NULL,
  `img` text NOT NULL,
  `charges` varchar(10) NOT NULL,
  PRIMARY KEY (`id`)
) ENGINE=InnoDB AUTO_INCREMENT=11 DEFAULT CHARSET=latin1;

--
-- Dumping data for table `type_of_doctor`
--

INSERT INTO `type_of_doctor` (`id`, `type`, `img`, `charges`) VALUES
(1, 'Cardiologist', 'https://cdn-icons-png.flaticon.com/512/5877/5877682.png', '500-700'),
(2, 'Dentist', 'https://cdn-icons-png.flaticon.com/512/2818/2818366.png', '400-600'),
(3, 'Gynaecologist', 'https://images1-fabric.practo.com/dr-sangeeeta-s-mother-care-mumbai-1479285933-582c1cadc7777.png\r\n', '500-600'),
(4, 'Orthopaedic surgeon', 'https://cdn-icons-png.flaticon.com/512/7292/7292482.png', '600-800'),
(5, 'Psychiatrists', 'https://cdn-icons-png.flaticon.com/512/946/946323.png', '700-800'),
(6, 'Neurologist', 'https://cdn-icons-png.flaticon.com/512/2491/2491314.png', '600-700'),
(7, 'surgeon', 'https://icon-library.com/images/surgeon-icon/surgeon-icon-14.jpg', '600-700'),
(8, 'Emergency Specialists', 'https://cdn-icons-png.flaticon.com/512/4006/4006111.png', '500-600'),
(9, 'otolaryngologist', 'https://cdn-icons-png.flaticon.com/512/6432/6432059.png', '400-600'),
(10, 'gastroenterologist', 'https://cdn-icons-png.flaticon.com/512/2721/2721136.png', '300-600');

-- --------------------------------------------------------

--
-- Table structure for table `user`
--

DROP TABLE IF EXISTS `user`;
CREATE TABLE IF NOT EXISTS `user` (
  `id` int(200) NOT NULL AUTO_INCREMENT,
  `name` varchar(50) NOT NULL,
  `email` varchar(20) NOT NULL,
  `password` varchar(20) NOT NULL,
  `fcm` text,
  `image` text,
  `address` varchar(100) NOT NULL,
  `phone` varchar(15) NOT NULL,
  `doctor_report` varchar(100) DEFAULT NULL,
  `age` int(100) NOT NULL,
  `gender` enum('male','female') NOT NULL,
  `weight` int(5) NOT NULL,
  `bp_level` int(10) DEFAULT NULL,
  `sugar_level` int(10) DEFAULT NULL,
  `created_at` datetime NOT NULL DEFAULT CURRENT_TIMESTAMP,
  `updated_at` varchar(20) DEFAULT NULL,
  `active_status` enum('active','inactive') NOT NULL,
  `login_status` enum('online','offline') NOT NULL,
  `offer_id` int(100) DEFAULT NULL,
  `booking` int(100) DEFAULT NULL,
  PRIMARY KEY (`id`),
  UNIQUE KEY `email` (`email`),
  KEY `offer_id` (`offer_id`),
  KEY `booking` (`booking`)
) ENGINE=InnoDB AUTO_INCREMENT=9 DEFAULT CHARSET=latin1;

--
-- Dumping data for table `user`
--

INSERT INTO `user` (`id`, `name`, `email`, `password`, `fcm`, `image`, `address`, `phone`, `doctor_report`, `age`, `gender`, `weight`, `bp_level`, `sugar_level`, `created_at`, `updated_at`, `active_status`, `login_status`, `offer_id`, `booking`) VALUES
(1, 'raj', 'rj@gmail.com', '12345', 'eYtIrQ5RQHyM_VMzz2k43h:APA91bFgY4fxZoOQ8rk3p-lNzMf9agn-Y2Xg2S0sIcmCoJusc2OCj5whTfxyqu9RuAyON86-ey7wJmVESC0NxaE2p1zh5OWN3Qtkeyp-JM6pgSdq8GdbyOM13pxs14TF_feibkegOME3', 'data:image/jpeg;base64,/9j/4AAQSkZJRgABAQAAAQABAAD/2wCEAAoGBxMUExYUExQYGBYZGhgZGRkZGBkWGhkWGRoaGBoaGRofISsiGxwoHRwZIzQkKCwuMTExGSI3PDcvOyswMS4BCwsLDw4PHRERHTApIikwMDAwLjMwMDIwMjAwMDIwMDAwMDAwMDAwMDkwMDAwMDAyMDAwMDAwMDAwMjAyMDAwMP/AABEIAQkAvgMBIgACEQEDEQH/xAAcAAABBAMBAAAAAAAAAAAAAAAFAAIEBgEDBwj/xABGEAACAQICBwQHBAgFBAIDAAABAgMAEQQhBQYSMUFRYRNxgaEHIjJCkbHBUnKC0RQjM2KSsuHwFVNzk6JDwsPxNNIWJCX/xAAaAQACAwEBAAAAAAAAAAAAAAAAAgEDBAUG/8QAMBEAAgIBBAECBAUFAAMAAAAAAAECEQMEEiExQQVREzJhgSJxkaHRM0KxwfAUIyT/2gAMAwEAAhEDEQA/AOyk02skVkCgBAVmlSoAVKlWKAGSOACSQABck5AAbyTyrn+sfpYgiJTCp27DLbvsxjuO9/AAcjVX9KGuzYmVsNCxECMVa2XaupsSecYOQG42vn6tqRs8/wCtVTn4RfDGu5Fl0n6R9IzH9t2Y+zEiqP4jd/8AlQTEaZxD+3iJn+9LI3zao20OA+Of9Kz2rcDbusPlVTbZakkaySeZ+Jp0c8ieyzr90svyp3at9o/E05JmGe23xNQNwScLrFi481xU624dtJb+Hat4UUwfpN0nGf24cfZkjRh8QA3nQJsSx32I6gH5007B3oO9SR5bqnc0LtTOgaM9NUosMRhkccWicofBG2gf4hVw0H6T9HT2UymFz7sw7P8A53Kf8r1w04RT7DeByP5H41okgYZEU6yMSWJHqdHBAINwcwRutTq816t62YvBH9RKQnGN/XjP4Pd71IPWuu6mekvD4wrFIOwnOQRjdHP7j5Z/umx5XterIzTKZQaLtWQKzSpxBUqVKgBU0tSJpAUAOpUqVAGKVYJtma5B6QvSQ0zNh8GxEOavKt9qQ/ZjIzCdRm3DL2llJJDRi5PguGsvpIweGYxqTNKMisdiqnk8h9UHhYXI4iqbpP0wzujpHh0jLKyhu0ZmQsCAw9UAkb65+62yy8OFKKEsQFBJO4AXJ8KqcpMv2RiuRqC26nKCTYAkncBmT3CrHovVJjZp22R9ld/ifyv31YcHgoohaJAvW2Z7zvPjercemnLl8HO1HquLHxDl/sU7CauYmTdHsjm52fLM+VEoNTT78wHRVv53+lWYtSIrTHSwXfJycnq2ol8tL7ASPVHDje8h/hH0rZ/+LYbk/wDFRelVnwYexmev1D/uf6gSTVLDnc0o8VPzFRptTR7k3gy/UGrJSqHgg/A8fUtTHqX+ylYrVfEJmFDj9xr+RtQ4synYdT91gQR3XzFdGFNxEKOLSKrj94X/APVUz0kX8rN2H1qS/qK/yOcyYYN7OfT3vDmKiSReIq46S1SB9aBrH7DHL8Lbx41XsTEytsTKVccSPn9odR51knjnDtHawavFnX4Xz7eS6ej30oPEVgxzFosgkxzePkJDvdP3t443G7scUgYBlIKkAgg3BBzBB4ivLk8BH95HqKuvou1/OEYYbENfDMbKx/6LH/xk7x7u/demhPwxsmPyjuVKmqwO6nVaUmLVmlSoAVYNKqR6WdajhIBFE1p59pVIOaIMnccjmFHVr+7UN0rJSt0Vn0pa8mVmwWGb9WDszOp9tr2MSn7IOTHict170EoANlSL8T9BTEHZqLe0Rl+6vTqakaF0U2IfZGSj2m5DkP3jVHM5UjRKcMMHKXCQtGaIlmbZUWA3sdw/M9Kumi9FRYcWQXY72OZP98hlUjDYdYkCILAf3v4nrT66OLAocvs8trfUJ53tjxH2/kRNKtE+KVep5D68qiS4pjxt3fnV9nOUWwg8ir7RAqO+PXhc+VDiaZLOq+0wHeQKRyrssjjcnS5CB0jyXzpn+INyHn+dC30pEPe+AY/IVr/xqH7R/hNL8WHui9aLM/7H+gZGkG5Dzp66R5r50Gj0rCdz/EMPpUmLFIfZZSeQIv8ACpWSL6YktNkj80WvswquMTibHqK3qwOYIPdQWsqxG42prKXH2DVaMdg45l2ZV2hwPvKeYNRYceR7WfzqbFMrbj+dDpqmRFyxvdF0ynaV0G8BzO3ETk3EHryPkaEYjDZ9Pn/WulsoIIIBByIO41T9ZNFmFtpbmJuPFTyJ59f7ODNg2fij0em9P9RWZfDyfN4fuXX0Oa57dsBM2ag9gx4qMzEeqjNegI90X6nXloO0brJGxVlYMrDerKbgjqDXojUfWJcdhEmFg/sSKPdlX2h3HJh0YUkJXwbskK5D1KlSqwrMV521u0x+m46ae94gdhP9JLhbfeN275K7N6R9KnDaPnkU2dl7NCN4eQhAR3Alvw1wIDZQAcf5RkPO/wAKqyPwX4Y+R8MTSyBVF2Y2HIf0A8hV+0bgVgjCL4niSd5PU/K1BtS9HWUzsM2uF+6Dn8T5CrCzcTWvTYtsdz7Z571XVuc/hx6X7swTbfUDE40nJchz4n8qZi8SWNh7Pz6mhWkdJrHl7TcuXfV85qKtnOwYJ5ZbYq2TXcKCWIAHEm1CsXp4boxfqch8N58qEYvFvIbub8hwHcK1VhyamT+Xg9Dp/SoRV5OX7eCTPpGVt7kdB6o8t/jWlZiKZT9m2/fwH1NZpNvs6kMcYKoql9Dar3I5/S1bNgEHLlUZFJPmTU/ROi5JY55V9iJV2j1dgBbuF2PIL1pWWpmpAAb2HwpOudRjKwyrc5e1jkwANiN6MAyn4EHuNQCofgsU63AY5cN4t3GiMOmRucDvH5UE7Q3vxpMtxceI5f0q6GScOmZM2kw5VzFX79MtkUqsLqQR0rZGSMwbVUMNiWQ3U2+VWDAaXWT1T6rfPurZi1ClxLhnC1Xpk8acocx/dB7D42+TZHnwP5VvnhV1KOLqwsR9e+g9TcFivdbwP0Nafozlcxe6JTNLaPMMjRtmN6nmp3Hv/KrL6HdYDhsb2Dn9ViLL0EwuY26bWadSy8q3a06P7WEsB68d2HVfeH18KozsykOh2WUgqw3hgbqR1Bsa52SHw58dHrNFqVqcNvtcP+T1PWCKG6s6VGKwsOIH/URWI5PudfBgR4UTpxjmPp4xtosLD9qR5P8AbUIAf93yrl/ZF5Ai7yVQfK/xzq9+m3EXx0CcEhDfxu9/JBVU1Sg28SpPuhm8fZ+bVTW7JRZkn8PC5eybLpDCERUXcoAHcBYf31qDj8Rc7I3Df31Kxk2yCRvOQoBpTG9kuXtHd05k10pSUI2zyOLHPNkqPLf/AFkbS+k9j1E9vifs/wBaAk86c7XN+fmacID7xC9+/wCG+ubkyObtnrdLpYYIbV35fua6ckZOfDmch8adtKNw2jzbd8Pzpsrk5sfy8KqNQ7aA9nM8z9B9T5U1ELHLv/Mk1LxeiniSIyAh5c0jt62xuDFd4LNko47J6VddV9TDEvb4mMts+skAzZm93tOF72su4ceNobSJSsp02j5FaOFVJkkCsFA9Ztr2bjgCPWHQ3PTrOrmgUw2GEBAYsCZTbJ2YWb8NvVHQCtGrerZid8TiCHxMpJYjNYwfcTuFhfkLd9hC0knfAyVcnGdc9XXwsu4mNr9m2+6j3SftqN/MC/OxzGaEOK0fhsThxeaKIRuoGcixXQi3FhYkcw1uVX/Sejo542imUMjbx14EHeCOBFAdV9DzYGV4bmTDSnaR/eil3WkA4MLDaGV1G69ClaBo5PIo9pdx8jypoJBB3cRXUdbtRVmZpsPZJTcuhySU8/3X67jxsc6q2gdExyStgcWrxSG7Qvazo29k5OjAXHC4axu1MpcCtcla2Q3s5H7PP7v5Vrq0aX9HuLhuYwJlHGPJ/GM5+Clqr0gzKyAq4yNwQR0dTn476lMigjojSu5JD0Vj8j+dGaqEkZGR/oR0o5oTSG0Nhj6w3HmPzFbtPmv8MvscH1LQqN5ca/Nf7LJgMRtCx3jzFUvS+AEUrpb1b3XopzHwvbwqzQvskHiPlQvXVAWikG5lI8VIt42byp9TG4X7Gf0nJszbPEl+6L56CNJ7eGmgJzik2lHJJBf+dZD410cVxX0H4opj5Y+EkJP4o3S3kz12qqIO0dyaqRxD0yP/AP0j0hjH85+tDdRV9eU8lUfEsfpRL0zrbSJ6wxHzcfSoOo2RmvyT/vqMX9VFGvf/AMkvt/kJ6TnAJJ9lRmeXEn++VVDGTGRi7mwO4cbcLD60X1ixtltxc36WGefjaq+SSc8yabVZLltRR6Tp1CHxH2+F+Q/treyLdd7fHh4Uy3E7vnRLQugJ8Q+xFHtEe1c2RP8AUfh90Z10bV3UCCAiSe00o3XFo1PDZTjbmfACsbkkdmmylas6lYjE2kZdiHeCx2TJy2ciQv71j0B4XnQOo8EDCWS0sota67MaW3COO53c2JPHferSFrOzSttk0kCsNoONZ3xDevM+5j7ijILGPdFt53kk332omqU8ClRQWNC1ms0qCbMEUy1PpWqKCxpWo2O0bFLs9ogbYYMh95GBuGVt6m/KplKpIGFaHab0DBiV2Z4w32WGTr91t47tx4iilKoomzjWtOqk2DNz+tw7GyuBYqTuDD3W67j5UDQFCHB43U/Qiu94nDq6sjqGVhZlIuCDvBFcg101ebBzWF2w8lyhOZFt6E/aHA8R408ZCSSap9ErDYgSKHHHyPEfGoesrXgTpJ5MrfUVG0BNss0ZORG0p8j/AH0NSNPsBGL7iwB+DZiui578LZ5qOB4dco+L4/Jm30WS7OlcNybtVPd2UjDzArv1ef8A0aof8Vwo5PJ5QymvQBNUY+juZfmOQenLDBcVh5be3Eyf7b7X/k86quqmItJIvONviCPoTXSvTdo8vg0mG+KQX+5J6h/59nXJNGYjYkVuF7HubI0qe3ImJmx/F07ivZ/r4Nml3LzEDhZR4ZnzvRrUrVVsU5NysKGzyDex39nFyy3twv1oNhcK80ywx/tJXsem0b59ALse7pXcND6LTDwpDGLIgsOZO8sepNye+qsktzbNGGCx44x9kkLA4KKCMRxIERdyqPieZJ57zUPSOmzELphcTL/pxj5Oyn4A0Slxcae06L3so68TUR9PYYb8RFkdn9ou+9t1+Z+tVpFtlTxfpSSNtmTBzIeUlo2/hIqToz0o4KRgsgkhJsNqRVKXPNlJsOpAFWLEY7BzKUklgkU71d42B8CarWk/Rxo6c3hcxE8IpFZT+Br2/DYUyoguopVq0fgxDFHEpJWNEQFsyQihQSeJsK30pI2kadStUEjKzTqVADaVOtQbXPRsuIwksMMixu4A2mJVSoYFlJFyARcbuNTRBnE614GNir4qEMN47RSQeRAORp2H1owTmyYqEnl2qAnuBNc/0b6MoV/+Tjoxu9WIoLfjc/8AbVlweqeho9/ZOeck+1/x2gvlTOKIst6kEXGY5jMUM1o0KuKwzwmwJF0b7Mg9k/HI9Ca06OwmAi/YGKPpFIEBPUK1m8b0YjYEZEHqLH5UtE2cCwrmOQBhssjG4O8WOy6nwv8ACiGsr5IvUn4C31qf6TdGdjjiwFllAk6bXsuPiNo/foBpPE7bL0RR4kXPzt4VohOoSj70YsuDdqIZPZO/9Fn9EGG29JRt/lxSP5CP5SWruFcv9BGjssROeaRL4DtH/mT4V1ECnxr8I2R3IHawYWOaCSGU2WRGTmbsDYqN5YbxblXnHEwtGzq4s8ZcMM7bSXuO64r0O8m0xc8bhei3yt37z3jkK496VNGdni3YZLNHtX4beyY2+Sn8VUuW6RdCG1FBw2n8RG/aRyFHzG0tgRtb7HeKkYR8ZjZFiM7vtMF2pZW2ATe20zmw3HLebWAJyoRLEVJB3jfXfNEahRJov9EIAllVZHk3kT5Mp4Eqp9W2WV+Zq6TUUVJSk+TlU+ruHwzzQ4ppWkTJDD2fZtdQQSz52z4DpvoY+ERvZS1sjYsc+N7mr7qDqA0mOkixceysCq7pe6uXJEdiN6HZY9bAHiKJa+YFQ0rLEAiERJusiK2xZVGSgm+4e9UxVq7EyZIwajXbo5b+gpyPxNWfVfRWjMS6w4gSQSMQEdJAUZuAIdW2STwvnzubVGMC/ZHwp+F0TDIJNqRo32f1ShNsSSXFlJuNgEXF+ZB4WKt2WcLlotWO9FuNgBOj8e+WYjZ3hPcGU7JPeFFBoPSDpbAy9ljE7S29ZVCsV5pIvtD971hXQPRprA+JgMUxJnhIVid7obhHPXJlPVb8aL6z6uQY2AwzrwOw4HrRtwZT8xx3VXup1JD7bVxZq1Q1mhx8HbRBl2WKujb0cAG1xkRYggjyOVEJdIwKbNNGp5GRQfgTXKNSPRnLL+kx4uaWKFJOz2InAWV1vtMb3FrbFiVz2uFquUXoq0WBYwM3UyyX8mApZRin2NGUmui2RSqwurBhzUgjyrnOvPpXGHkeDCxh5EYq8j32FdTZlVRYsRmL3AuONEMV6J8IDt4WWfDSAHZZHLAd4PrHwYVXNQ/R0Xxk8uPHaLDIy2bPtpTaTbfM3XZZWtxLi+4gzFQ7Ik59Ig6Lh09pOz9vJHCcw5YwRkfuqgDSC3GxGWZqwYb0Nwn1sVippH4ldlB8X2ya6SPKua+lLWl2ZsFhybKP1zDrujvyzF+8DnQpSk6jwG1JXIr2mcDoOBikccszDIlZDsg9XyB/CDQeaTRxsFwToNobTfpDOdgG5CggC5GVycr8a0Jo/mfhnU3RWg1lk2TNHGNlm2pCVU2GSgj3idwqxfmK5fRfoSMFoXReIZtjt43JCxQqwZ3Nibs7qUAO621la5JuAGaf9HU+GYfo0wmkEZkeOO6yogtdrA+stzYbmPBcjYovo9klwzTQMTLGSHiNiHGTKY2sCrWy2WvcjeKgajaexEErR4WKOSfEFFDyByRvOdmHqi5Ynpc3tUtOPkWMozVpfoU6bS077O3NI+zfZ23Zwt7Xtcm24fCpOjMY7tssb5E7s+FWv0yatrhpop0zWZW2/VABmTZ23sMl29oNbmGqras4BpZFUZdoyxjvdlF/C9DacbIjuUqPRXow0b2GjoAR60imVuH7Q7Yv3KVHhVoodhsYFAVlCqAFBB2lAGQByFvlRGmi01wLJNPkAoPUToAPEACqj6VtEmXCiZRdoW2jz7JrB/gQjdymrrPFssV4MSy+ObDvuSe5hyNa2iDAqwBBBBBzBByIPS1ZGtsjWnaOUav6vYOXReKxDwK00YmIclrjYiDqbA2yvy4V1y1VrQOqQw8OLw+1tQzFti+ZCPH2ZVudufEWoxoHGdrBFIRZigDi99mRfVkQ9VcMp6imbtC1TJOEwyrOZhkXQRv1CMWQ+BZx+PpQPWzRiq7mRbwy+ADkWKk+7c2YHiSRwFWCnF8irAMpFirC4I5W5Vbjy7eGZ9Rp/iLjs4/i9T5Qf1bqy8NolW8crHv8qK6O1PQdnsyGScg+oFAUHaIve5NgLZ5Ab+IFXo6vYMm/YkdFkkVf4QwAojgY4YgRHEEvvsACe87z41ZvxrlFHw9Q1tk1X07Akmr4w8uFmTOytBMd20sh7RXtxtKLDkJTRi1b58QWFrC3xrQTbM5DnWeclKVo244uMaBOgv2+Otu/SE+P6Lhr/T40WoZqwC0JmIsZ5Hm3EHs3Norg5huyWO/W9FKVjroxQvV/2Zid/wCkT38JCF/4haK0K0d6mJxER9/YnTlYqsUij7rxhj/qioQMk6UxLRwu6LtOBZFv7UjHZjW/Vio8apum9SuwRE2gzSoe2lPv4i5d2PeTcLyU8qv8dgQSL2Nx37r+db8UscqFZBkeeRBHEHgRzFX4XFdmfURlKNR/5nAdIaOlgYrKhUjjvU9Q240S1b1cknJc2WNbMSxAL+so2VB35HfXScTqzMp/VSxuvDtLowHVlBDfAU7CatsT+vlXZ4pFtet0MhsQO4A9au2wXNmV5M8lt28+9knU3DKscslgqMbDkVQG7d1yw/DQnUzVyOBWnMQE8rSOWIO0sckjOkdj7Nl2bgcRnuq0vINkIihUAAAFgLAZC3AdK12qjLk3Pg16fFsikyta8aHjxXZQyJterOy78mERCtlyYrXL/R3hlOOwygWG2Wt1VGf5rXYSNvHLbdDC+1y2p5E2fELC3g451y/U3D9jpeOK1tiWeP8AhjlUfKq74ovS5s6/04HI0R0Y5KC+8Er4AkC/W1qHqM6n6M/Zg/aJbwJNvK1Th7FzdG6eEOLHvBG8HmDwNQmwkg3bLDnfZPiLW8bjuomBWavlBS7M8ZuPQHBIJVhYi3G+RFwR5jwNBjKMLMxbLDzPtBvdixDZMGPupIbMCcg5a59dRVg0rFazjhk33TuPgfImocgBBVgCCCCCLgg5EEcRWeS2ujRF7lZtvWaDJoySLLDTbKf5UimWMC+YjO0Hj5AbRVbCyiti47EqPXwoc8OxmRrjulEdj0v40tDhS1ZoaulpOOExC/7DfyzGsHSspNlwc56loEUd95dr4KaKIsJ0G0pJ+kO2FTOMZYlxuCHPsAeMjj2h7qE3sWS+yTC4mXKR1gjO9YWZ5GF/84hezuN+yu1nk4tep+EwqRIEjUKg3AdTcnqSSSScySSanojs3Ur1g0hQSZofprBOwSWG3bxEtHc2DgizxMeCuOPBlRrHZtRClQBG0dj0mTbS+8qysLOjj2kdfdYcvEXBBqTUDHaJDP20TmKawBdQCHUZhZUOUijO25hc7LLc1rGLxSA9pAstrWMEiqW5kxylQnd2jd9FEWE6xQ4aWfjhcQDytEfMSkedM/xeYmy4OfvZsOqjv/XFvgKiibCoqJpTSKQJtNdmY7Mca5vLIdyIOJ67gASSACREL4x7gCGEX3kviHtx9WyKp/Ew6HdW7R+i0jbtGZpJiLGSQhn2Ta6qAAqKbAlUCgkXNznUkcmdC4Jo0ZpCDNKxklIzG2QFCKbC6oiogNswlzmTXOdZYv0bTccvuySRSdAJP1T+YY+NdVii222bkAC7Eb7nJR8z4DnVN9MOrpbDpiFZmaFrNcD9nJYXyAuQ4TuBNMotqxdyTot6Qlm2B+Ij3V/+x4fHhRdEAAAyA3UI1N0ks+EhmUAbSDbA4SD1ZB1O2Gz40Zq6EFFFM5OTM0qVKrBBjqCLHOgmJhMZ2fdPsn/tPUeY8aOE1qmhDgqwuD/fgaScNyHhPawMprYppYjDNHvzTg3Lo3Lv3d1JRWVpp0zWmmrRsWs1hazUkMjvjUVwjHZZvZ2sg/MKdxI5b+O6txrTj8HHMhjlUMjbwfmOR5GufTaPmw+KETTOuHN/XFyVBvsNa+ag5EZWzPC1C7HxwUr/AIs6ORWPWqvLqvjAA0OLWQHMHbkjUjgci4Nbf8P0qBbaRuoZSfiUHypnjZNQfUl97QdQHjTqri6H0oxzkVepkt5KhqvaUxmPGIGHw8+3uDSXbZViTdFF/XIFiWyAuRwNHw2ifhxbpST/ACv+DoZNKoOjNG9mFMjtJKBYyObnrsjcg7hnxvU61KVPswxrDPWGrW1KMkZ2qyX5C5OQHMncK1FvicgBmSeQFEsBhLes/tcBwUHgOZ5nw72hByYmSaijdg4dhbbyc2PNj9NwHQCs4zCJKjxyKGR1ZWB3FWFiPhW8CnVrSpUZG7dnN9QjJo7GS6NnJMchMmGc7nsLEX3bRUC44Mp+0L9IoVp/QMWKjCSAgqweN1NnikGaujcGB8DxvW/R0koULNYyLkWUeq4HvqPdvxX3TlcizESrgG75J1NJrJrFqkgQFOpUqAGkUOn0eRnHu+wd34Tw7t3dROsUsoqXY0ZOPQHVs7biN4ORHhy67qdW7TZVYZJCLlEdweIKqTkd43Vy/Vz0sD1UxkdjYfrIxcZgH1k3jwvWacdrNGNuatHSbVA01olZ02TkwzVuR68weIrdo3ScOIXbhkWReakH4jeKlVCZZGUou12UI/pWEJAZ4xfepujHnn6pPeL1Mj1yxWQMifeKC/fll5Vca1HDJ9hf4RTrIzV/5GOXzwTfuVWXGyYhSpxEkjbJ9VFAW97ANs7ItbP1t1F9XtCCEbTWMhFieCj7I+posqgZDyp1K5tlU81rbBUvb/qEKRpUC0/rlhMLlLKC/wDlp67+IG7xpClJvoNsK1RqXJCC9jYn3VPInn0Ge7dvrkesvpOxE90gHYxniDeQjq25fD410X0OQsNHI7XvI8klzck3bZvnz2aeEbdBkuEbLRhMCEz3sd7H5AcB/ZvUsCs0q1JJcIxttu2ZpUqVSQKm2506mGgB9Kh+lNKLDs3UttX3Mi2AsCTtMMsxuvRCgBUqVKgBU0mkaQFAGnGYcSRuh3MrKe5gR9a8vYzDtGxRxZk9RhyZCUYfFTXqiuO+mTU11kbGwreNs5gBmjbu0+4bC/I3PvZVZY2rRo080m0/Jz3R2LkhPaRuyMMgVJW5PO28DM2q9alekPFPPFh5tiQOdkORsuMibm2R3cq56TkB3n+/hRrUGItj8PbgxY9wRjWX3ZtaTO5rjftKR3esPz8qf+mJzP8AC35VFFPEZpFNlbhE2nGrwDHwt/NageuWs0uFw5mSNCdoKAzE7+OQFGViqp+luP8A/QJ5SR+Zt9aa5MFGNnPNNa7Y7EXDzFV+xH+rXxtmfjQRZMrHMeYJ5GnYXDvIwSNGd2yVUUszHfkozOQJ8KtOhPRjpGcjai7FOLykCw6ILsT3gDrTqLfgZyUe3QB0DoWTFTph4c2c2vbJV9526KM/LeRXpPRWASCKOGMWREVF7lFs+ZoPqZqdh8AhEXrSN7cjAbTdB9lRyHjc51Y61QjtRizZN746M0qVKnKRUqVKgBVi1ZpUAV7WwgdkxAaxNgWjADEqAxDgg5XW4Hv7wDcWCq9rejERWBIDE5RrJnYAZnccyLcQSCRVhoAzTCayaQFAGQKVR8TilXfmTuUZk/06nKozY2Q7lVe8lj4gW+ZpHNLsZRb6CFNktY3tbjfdaqNi9PYguQXIAYiygLkDz3+dWIxKcyNo8CxLH4m5pslwr6lGnyxztqPFFV1i9G2jpmLwl4nO8QgNGT9wjZXuUqK1am6gLhJWleTtWtsp+r2NkHeSNps8uBq5Vmsknu8HRjaVWMCUtmn01hxpaGsxs0M1o0N+lYaWC4UuBssRcBgQykjvFFqwamgsqfo01NjwO1LiGU4lrqN4REvuRiBtM2Vz4cyegihVqYsKjcNn7t1PxFqtjlpVRVOG53YapCgeKkZEdg7jZUn2i24fvXofoLT07vssVYWJzWxytxFrb+Rq+L3RcvYx5JxxzjB9votlKocGOBIDDZY7gcwfunj3ZHpUs0Jp9FjTXYiayKQFZqSBUqVKgAFrNhUkMW1sXRw9nRmuoIJAK7twy3GwvRqNgQCNxzFBdaZGVEKyMo27EKQt/VY5mxOzYG/JbsM1FHBQBmo+NxIjQsc+AHMncK30H0lJtyheCb/vEX/lt/EaSctsbHhHc6GwIc2Y3ZsyfkByA5U5lPO3gKdTZGsCeQJ+FZaNL4VlJlN2Y8yT8TVq0ViduJDa+Vju3rl/WqktFtW8dsPsMcn3dG/ru8BXS1EN0OPB5r07ULHn/F0+Pv4LGHH/ALyp1KsBRXMPTGaVKmsTw/KgB1K1YFIigDBcDjS2uQPy+dZArJoAF6x4grDbK7kDw3n8vGh2q6/rGN9y/Mj8qj6ax3ayXHsrkvXmfH6CpWqp/WOP3fkRXQ2bcDT7PPvOsuui10uEWFlByO6pOBnN9hjc71J4jkf3h57+dRxWJAd49oZqeo+nA9CaxRltdnclG1QZpVpw8odQw4i/d0PUVurWZhUqVKgABrVh9oRkuiKGY+uzrd7XTJd+5t+7eN1HhVd10lssS7aC7g7LAFiQDZlueBtwtcrcgXqxUAI0BwbbRZ/tEn4m9vAWFFNJvaJ+osO9vVHmaG4Uer/fdWfM+UjRhXDZuqNpR7RSH9xvMWqRQ7WSXZgI+0VHntfSlxq5pfUXUS24pS+jKtSpUq7B44sOhtNAgJKbNuDHceh5H50aqiVNwOlpY8gbrybMDuO8VjzaW3cf0OzpPU3FbMvP18/ctpNKg0OsaH20YHpZh52qSunoPtEfhb8qyvDNeDqR1mCXKkvvwEaVDW0/BzY9yn61Fn1kHuRnvY28hf50LDN+AnrdPFcyX25DbMALk2A3k1XtN6Z2wY4z6vvN9roOnz+Y/G6Rkl9tsvsjJfhx8aj2rZi0yi7l2cjV+pPInCHC9/LMUR1cktOB9oMPLa+lDqkaOk2ZYz+8vwJsfKr8iuDX0Ofp57csZezX+S50qVKuQeyN+jHzZfxDua9x/ECfxVPJoVC9pEPO6nuYX/mVR40TrRjdxMuRVIzTqwBWasEBWndHyShAjKFBuykZtuGT57I2dtSNk32+ABBK0qVAA3Tb+oo5sPIFvmBUeIZDuqVpT3e801azZOZmnHxBGqq/rXN6yJyBY+OQ+R+NWYVU9af2/wCFfrVumX/sMPqcmsDr3QKpU8Uq6R5qhgrJNbl3/CktRZNGilUoVkUBREpVNFOWglQIIrF6I8acKLJ2AyleiopwqLGWPksMT7ShuYB+IvTiadg/2afdX5Cttchrk9dF/hRFmPqkjMj1h3qdoeYowhBFxuNQeNS8H+zT7q/IVbi8leXwbqVKlVxUf//Z', 'bhanni', '123456564', NULL, 25, 'male', 55, 103, 54, '2022-07-24 01:20:10', NULL, 'active', 'offline', NULL, NULL),
(3, 'rok', 'rk@gmail.com', '12345', 'eYtIrQ5RQHyM_VMzz2k43h:APA91bFgY4fxZoOQ8rk3p-lNzMf9agn-Y2Xg2S0sIcmCoJusc2OCj5whTfxyqu9RuAyON86-ey7wJmVESC0NxaE2p1zh5OWN3Qtkeyp-JM6pgSdq8GdbyOM13pxs14TF_feibkegOME3', 'data:image/jpeg;base64,/9j/4AAQSkZJRgABAQAAAQABAAD/2wCEAAoGBxMUExYUExQYGBYZGhgZGRkZGBkWGhkWGRoaGBoaGRofISsiGxwoHRwZIzQkKCwuMTExGSI3PDcvOyswMS4BCwsLDw4PHRERHTApIikwMDAwLjMwMDIwMjAwMDIwMDAwMDAwMDAwMDkwMDAwMDAyMDAwMDAwMDAwMjAyMDAwMP/AABEIAQkAvgMBIgACEQEDEQH/xAAcAAABBAMBAAAAAAAAAAAAAAAFAAIEBgEDBwj/xABGEAACAQICBwQHBAgFBAIDAAABAgMAEQQhBQYSMUFRYRNxgaEHIjJCkbHBUnKC0RQjM2KSsuHwFVNzk6JDwsPxNNIWJCX/xAAaAQACAwEBAAAAAAAAAAAAAAAAAgEDBAUG/8QAMBEAAgIBBAECBAUFAAMAAAAAAAECEQMEEiExQQVREzJhgSJxkaHRM0KxwfAUIyT/2gAMAwEAAhEDEQA/AOyk02skVkCgBAVmlSoAVKlWKAGSOACSQABck5AAbyTyrn+sfpYgiJTCp27DLbvsxjuO9/AAcjVX9KGuzYmVsNCxECMVa2XaupsSecYOQG42vn6tqRs8/wCtVTn4RfDGu5Fl0n6R9IzH9t2Y+zEiqP4jd/8AlQTEaZxD+3iJn+9LI3zao20OA+Of9Kz2rcDbusPlVTbZakkaySeZ+Jp0c8ieyzr90svyp3at9o/E05JmGe23xNQNwScLrFi481xU624dtJb+Hat4UUwfpN0nGf24cfZkjRh8QA3nQJsSx32I6gH5007B3oO9SR5bqnc0LtTOgaM9NUosMRhkccWicofBG2gf4hVw0H6T9HT2UymFz7sw7P8A53Kf8r1w04RT7DeByP5H41okgYZEU6yMSWJHqdHBAINwcwRutTq816t62YvBH9RKQnGN/XjP4Pd71IPWuu6mekvD4wrFIOwnOQRjdHP7j5Z/umx5XterIzTKZQaLtWQKzSpxBUqVKgBU0tSJpAUAOpUqVAGKVYJtma5B6QvSQ0zNh8GxEOavKt9qQ/ZjIzCdRm3DL2llJJDRi5PguGsvpIweGYxqTNKMisdiqnk8h9UHhYXI4iqbpP0wzujpHh0jLKyhu0ZmQsCAw9UAkb65+62yy8OFKKEsQFBJO4AXJ8KqcpMv2RiuRqC26nKCTYAkncBmT3CrHovVJjZp22R9ld/ifyv31YcHgoohaJAvW2Z7zvPjercemnLl8HO1HquLHxDl/sU7CauYmTdHsjm52fLM+VEoNTT78wHRVv53+lWYtSIrTHSwXfJycnq2ol8tL7ASPVHDje8h/hH0rZ/+LYbk/wDFRelVnwYexmev1D/uf6gSTVLDnc0o8VPzFRptTR7k3gy/UGrJSqHgg/A8fUtTHqX+ylYrVfEJmFDj9xr+RtQ4synYdT91gQR3XzFdGFNxEKOLSKrj94X/APVUz0kX8rN2H1qS/qK/yOcyYYN7OfT3vDmKiSReIq46S1SB9aBrH7DHL8Lbx41XsTEytsTKVccSPn9odR51knjnDtHawavFnX4Xz7eS6ej30oPEVgxzFosgkxzePkJDvdP3t443G7scUgYBlIKkAgg3BBzBB4ivLk8BH95HqKuvou1/OEYYbENfDMbKx/6LH/xk7x7u/demhPwxsmPyjuVKmqwO6nVaUmLVmlSoAVYNKqR6WdajhIBFE1p59pVIOaIMnccjmFHVr+7UN0rJSt0Vn0pa8mVmwWGb9WDszOp9tr2MSn7IOTHict170EoANlSL8T9BTEHZqLe0Rl+6vTqakaF0U2IfZGSj2m5DkP3jVHM5UjRKcMMHKXCQtGaIlmbZUWA3sdw/M9Kumi9FRYcWQXY72OZP98hlUjDYdYkCILAf3v4nrT66OLAocvs8trfUJ53tjxH2/kRNKtE+KVep5D68qiS4pjxt3fnV9nOUWwg8ir7RAqO+PXhc+VDiaZLOq+0wHeQKRyrssjjcnS5CB0jyXzpn+INyHn+dC30pEPe+AY/IVr/xqH7R/hNL8WHui9aLM/7H+gZGkG5Dzp66R5r50Gj0rCdz/EMPpUmLFIfZZSeQIv8ACpWSL6YktNkj80WvswquMTibHqK3qwOYIPdQWsqxG42prKXH2DVaMdg45l2ZV2hwPvKeYNRYceR7WfzqbFMrbj+dDpqmRFyxvdF0ynaV0G8BzO3ETk3EHryPkaEYjDZ9Pn/WulsoIIIBByIO41T9ZNFmFtpbmJuPFTyJ59f7ODNg2fij0em9P9RWZfDyfN4fuXX0Oa57dsBM2ag9gx4qMzEeqjNegI90X6nXloO0brJGxVlYMrDerKbgjqDXojUfWJcdhEmFg/sSKPdlX2h3HJh0YUkJXwbskK5D1KlSqwrMV521u0x+m46ae94gdhP9JLhbfeN275K7N6R9KnDaPnkU2dl7NCN4eQhAR3Alvw1wIDZQAcf5RkPO/wAKqyPwX4Y+R8MTSyBVF2Y2HIf0A8hV+0bgVgjCL4niSd5PU/K1BtS9HWUzsM2uF+6Dn8T5CrCzcTWvTYtsdz7Z571XVuc/hx6X7swTbfUDE40nJchz4n8qZi8SWNh7Pz6mhWkdJrHl7TcuXfV85qKtnOwYJ5ZbYq2TXcKCWIAHEm1CsXp4boxfqch8N58qEYvFvIbub8hwHcK1VhyamT+Xg9Dp/SoRV5OX7eCTPpGVt7kdB6o8t/jWlZiKZT9m2/fwH1NZpNvs6kMcYKoql9Dar3I5/S1bNgEHLlUZFJPmTU/ROi5JY55V9iJV2j1dgBbuF2PIL1pWWpmpAAb2HwpOudRjKwyrc5e1jkwANiN6MAyn4EHuNQCofgsU63AY5cN4t3GiMOmRucDvH5UE7Q3vxpMtxceI5f0q6GScOmZM2kw5VzFX79MtkUqsLqQR0rZGSMwbVUMNiWQ3U2+VWDAaXWT1T6rfPurZi1ClxLhnC1Xpk8acocx/dB7D42+TZHnwP5VvnhV1KOLqwsR9e+g9TcFivdbwP0Nafozlcxe6JTNLaPMMjRtmN6nmp3Hv/KrL6HdYDhsb2Dn9ViLL0EwuY26bWadSy8q3a06P7WEsB68d2HVfeH18KozsykOh2WUgqw3hgbqR1Bsa52SHw58dHrNFqVqcNvtcP+T1PWCKG6s6VGKwsOIH/URWI5PudfBgR4UTpxjmPp4xtosLD9qR5P8AbUIAf93yrl/ZF5Ai7yVQfK/xzq9+m3EXx0CcEhDfxu9/JBVU1Sg28SpPuhm8fZ+bVTW7JRZkn8PC5eybLpDCERUXcoAHcBYf31qDj8Rc7I3Df31Kxk2yCRvOQoBpTG9kuXtHd05k10pSUI2zyOLHPNkqPLf/AFkbS+k9j1E9vifs/wBaAk86c7XN+fmacID7xC9+/wCG+ubkyObtnrdLpYYIbV35fua6ckZOfDmch8adtKNw2jzbd8Pzpsrk5sfy8KqNQ7aA9nM8z9B9T5U1ELHLv/Mk1LxeiniSIyAh5c0jt62xuDFd4LNko47J6VddV9TDEvb4mMts+skAzZm93tOF72su4ceNobSJSsp02j5FaOFVJkkCsFA9Ztr2bjgCPWHQ3PTrOrmgUw2GEBAYsCZTbJ2YWb8NvVHQCtGrerZid8TiCHxMpJYjNYwfcTuFhfkLd9hC0knfAyVcnGdc9XXwsu4mNr9m2+6j3SftqN/MC/OxzGaEOK0fhsThxeaKIRuoGcixXQi3FhYkcw1uVX/Sejo542imUMjbx14EHeCOBFAdV9DzYGV4bmTDSnaR/eil3WkA4MLDaGV1G69ClaBo5PIo9pdx8jypoJBB3cRXUdbtRVmZpsPZJTcuhySU8/3X67jxsc6q2gdExyStgcWrxSG7Qvazo29k5OjAXHC4axu1MpcCtcla2Q3s5H7PP7v5Vrq0aX9HuLhuYwJlHGPJ/GM5+Clqr0gzKyAq4yNwQR0dTn476lMigjojSu5JD0Vj8j+dGaqEkZGR/oR0o5oTSG0Nhj6w3HmPzFbtPmv8MvscH1LQqN5ca/Nf7LJgMRtCx3jzFUvS+AEUrpb1b3XopzHwvbwqzQvskHiPlQvXVAWikG5lI8VIt42byp9TG4X7Gf0nJszbPEl+6L56CNJ7eGmgJzik2lHJJBf+dZD410cVxX0H4opj5Y+EkJP4o3S3kz12qqIO0dyaqRxD0yP/AP0j0hjH85+tDdRV9eU8lUfEsfpRL0zrbSJ6wxHzcfSoOo2RmvyT/vqMX9VFGvf/AMkvt/kJ6TnAJJ9lRmeXEn++VVDGTGRi7mwO4cbcLD60X1ixtltxc36WGefjaq+SSc8yabVZLltRR6Tp1CHxH2+F+Q/treyLdd7fHh4Uy3E7vnRLQugJ8Q+xFHtEe1c2RP8AUfh90Z10bV3UCCAiSe00o3XFo1PDZTjbmfACsbkkdmmylas6lYjE2kZdiHeCx2TJy2ciQv71j0B4XnQOo8EDCWS0sota67MaW3COO53c2JPHferSFrOzSttk0kCsNoONZ3xDevM+5j7ijILGPdFt53kk332omqU8ClRQWNC1ms0qCbMEUy1PpWqKCxpWo2O0bFLs9ogbYYMh95GBuGVt6m/KplKpIGFaHab0DBiV2Z4w32WGTr91t47tx4iilKoomzjWtOqk2DNz+tw7GyuBYqTuDD3W67j5UDQFCHB43U/Qiu94nDq6sjqGVhZlIuCDvBFcg101ebBzWF2w8lyhOZFt6E/aHA8R408ZCSSap9ErDYgSKHHHyPEfGoesrXgTpJ5MrfUVG0BNss0ZORG0p8j/AH0NSNPsBGL7iwB+DZiui578LZ5qOB4dco+L4/Jm30WS7OlcNybtVPd2UjDzArv1ef8A0aof8Vwo5PJ5QymvQBNUY+juZfmOQenLDBcVh5be3Eyf7b7X/k86quqmItJIvONviCPoTXSvTdo8vg0mG+KQX+5J6h/59nXJNGYjYkVuF7HubI0qe3ImJmx/F07ivZ/r4Nml3LzEDhZR4ZnzvRrUrVVsU5NysKGzyDex39nFyy3twv1oNhcK80ywx/tJXsem0b59ALse7pXcND6LTDwpDGLIgsOZO8sepNye+qsktzbNGGCx44x9kkLA4KKCMRxIERdyqPieZJ57zUPSOmzELphcTL/pxj5Oyn4A0Slxcae06L3so68TUR9PYYb8RFkdn9ou+9t1+Z+tVpFtlTxfpSSNtmTBzIeUlo2/hIqToz0o4KRgsgkhJsNqRVKXPNlJsOpAFWLEY7BzKUklgkU71d42B8CarWk/Rxo6c3hcxE8IpFZT+Br2/DYUyoguopVq0fgxDFHEpJWNEQFsyQihQSeJsK30pI2kadStUEjKzTqVADaVOtQbXPRsuIwksMMixu4A2mJVSoYFlJFyARcbuNTRBnE614GNir4qEMN47RSQeRAORp2H1owTmyYqEnl2qAnuBNc/0b6MoV/+Tjoxu9WIoLfjc/8AbVlweqeho9/ZOeck+1/x2gvlTOKIst6kEXGY5jMUM1o0KuKwzwmwJF0b7Mg9k/HI9Ca06OwmAi/YGKPpFIEBPUK1m8b0YjYEZEHqLH5UtE2cCwrmOQBhssjG4O8WOy6nwv8ACiGsr5IvUn4C31qf6TdGdjjiwFllAk6bXsuPiNo/foBpPE7bL0RR4kXPzt4VohOoSj70YsuDdqIZPZO/9Fn9EGG29JRt/lxSP5CP5SWruFcv9BGjssROeaRL4DtH/mT4V1ECnxr8I2R3IHawYWOaCSGU2WRGTmbsDYqN5YbxblXnHEwtGzq4s8ZcMM7bSXuO64r0O8m0xc8bhei3yt37z3jkK496VNGdni3YZLNHtX4beyY2+Sn8VUuW6RdCG1FBw2n8RG/aRyFHzG0tgRtb7HeKkYR8ZjZFiM7vtMF2pZW2ATe20zmw3HLebWAJyoRLEVJB3jfXfNEahRJov9EIAllVZHk3kT5Mp4Eqp9W2WV+Zq6TUUVJSk+TlU+ruHwzzQ4ppWkTJDD2fZtdQQSz52z4DpvoY+ERvZS1sjYsc+N7mr7qDqA0mOkixceysCq7pe6uXJEdiN6HZY9bAHiKJa+YFQ0rLEAiERJusiK2xZVGSgm+4e9UxVq7EyZIwajXbo5b+gpyPxNWfVfRWjMS6w4gSQSMQEdJAUZuAIdW2STwvnzubVGMC/ZHwp+F0TDIJNqRo32f1ShNsSSXFlJuNgEXF+ZB4WKt2WcLlotWO9FuNgBOj8e+WYjZ3hPcGU7JPeFFBoPSDpbAy9ljE7S29ZVCsV5pIvtD971hXQPRprA+JgMUxJnhIVid7obhHPXJlPVb8aL6z6uQY2AwzrwOw4HrRtwZT8xx3VXup1JD7bVxZq1Q1mhx8HbRBl2WKujb0cAG1xkRYggjyOVEJdIwKbNNGp5GRQfgTXKNSPRnLL+kx4uaWKFJOz2InAWV1vtMb3FrbFiVz2uFquUXoq0WBYwM3UyyX8mApZRin2NGUmui2RSqwurBhzUgjyrnOvPpXGHkeDCxh5EYq8j32FdTZlVRYsRmL3AuONEMV6J8IDt4WWfDSAHZZHLAd4PrHwYVXNQ/R0Xxk8uPHaLDIy2bPtpTaTbfM3XZZWtxLi+4gzFQ7Ik59Ig6Lh09pOz9vJHCcw5YwRkfuqgDSC3GxGWZqwYb0Nwn1sVippH4ldlB8X2ya6SPKua+lLWl2ZsFhybKP1zDrujvyzF+8DnQpSk6jwG1JXIr2mcDoOBikccszDIlZDsg9XyB/CDQeaTRxsFwToNobTfpDOdgG5CggC5GVycr8a0Jo/mfhnU3RWg1lk2TNHGNlm2pCVU2GSgj3idwqxfmK5fRfoSMFoXReIZtjt43JCxQqwZ3Nibs7qUAO621la5JuAGaf9HU+GYfo0wmkEZkeOO6yogtdrA+stzYbmPBcjYovo9klwzTQMTLGSHiNiHGTKY2sCrWy2WvcjeKgajaexEErR4WKOSfEFFDyByRvOdmHqi5Ynpc3tUtOPkWMozVpfoU6bS077O3NI+zfZ23Zwt7Xtcm24fCpOjMY7tssb5E7s+FWv0yatrhpop0zWZW2/VABmTZ23sMl29oNbmGqras4BpZFUZdoyxjvdlF/C9DacbIjuUqPRXow0b2GjoAR60imVuH7Q7Yv3KVHhVoodhsYFAVlCqAFBB2lAGQByFvlRGmi01wLJNPkAoPUToAPEACqj6VtEmXCiZRdoW2jz7JrB/gQjdymrrPFssV4MSy+ObDvuSe5hyNa2iDAqwBBBBBzBByIPS1ZGtsjWnaOUav6vYOXReKxDwK00YmIclrjYiDqbA2yvy4V1y1VrQOqQw8OLw+1tQzFti+ZCPH2ZVudufEWoxoHGdrBFIRZigDi99mRfVkQ9VcMp6imbtC1TJOEwyrOZhkXQRv1CMWQ+BZx+PpQPWzRiq7mRbwy+ADkWKk+7c2YHiSRwFWCnF8irAMpFirC4I5W5Vbjy7eGZ9Rp/iLjs4/i9T5Qf1bqy8NolW8crHv8qK6O1PQdnsyGScg+oFAUHaIve5NgLZ5Ab+IFXo6vYMm/YkdFkkVf4QwAojgY4YgRHEEvvsACe87z41ZvxrlFHw9Q1tk1X07Akmr4w8uFmTOytBMd20sh7RXtxtKLDkJTRi1b58QWFrC3xrQTbM5DnWeclKVo244uMaBOgv2+Otu/SE+P6Lhr/T40WoZqwC0JmIsZ5Hm3EHs3Norg5huyWO/W9FKVjroxQvV/2Zid/wCkT38JCF/4haK0K0d6mJxER9/YnTlYqsUij7rxhj/qioQMk6UxLRwu6LtOBZFv7UjHZjW/Vio8apum9SuwRE2gzSoe2lPv4i5d2PeTcLyU8qv8dgQSL2Nx37r+db8UscqFZBkeeRBHEHgRzFX4XFdmfURlKNR/5nAdIaOlgYrKhUjjvU9Q240S1b1cknJc2WNbMSxAL+so2VB35HfXScTqzMp/VSxuvDtLowHVlBDfAU7CatsT+vlXZ4pFtet0MhsQO4A9au2wXNmV5M8lt28+9knU3DKscslgqMbDkVQG7d1yw/DQnUzVyOBWnMQE8rSOWIO0sckjOkdj7Nl2bgcRnuq0vINkIihUAAAFgLAZC3AdK12qjLk3Pg16fFsikyta8aHjxXZQyJterOy78mERCtlyYrXL/R3hlOOwygWG2Wt1VGf5rXYSNvHLbdDC+1y2p5E2fELC3g451y/U3D9jpeOK1tiWeP8AhjlUfKq74ovS5s6/04HI0R0Y5KC+8Er4AkC/W1qHqM6n6M/Zg/aJbwJNvK1Th7FzdG6eEOLHvBG8HmDwNQmwkg3bLDnfZPiLW8bjuomBWavlBS7M8ZuPQHBIJVhYi3G+RFwR5jwNBjKMLMxbLDzPtBvdixDZMGPupIbMCcg5a59dRVg0rFazjhk33TuPgfImocgBBVgCCCCCLgg5EEcRWeS2ujRF7lZtvWaDJoySLLDTbKf5UimWMC+YjO0Hj5AbRVbCyiti47EqPXwoc8OxmRrjulEdj0v40tDhS1ZoaulpOOExC/7DfyzGsHSspNlwc56loEUd95dr4KaKIsJ0G0pJ+kO2FTOMZYlxuCHPsAeMjj2h7qE3sWS+yTC4mXKR1gjO9YWZ5GF/84hezuN+yu1nk4tep+EwqRIEjUKg3AdTcnqSSSScySSanojs3Ur1g0hQSZofprBOwSWG3bxEtHc2DgizxMeCuOPBlRrHZtRClQBG0dj0mTbS+8qysLOjj2kdfdYcvEXBBqTUDHaJDP20TmKawBdQCHUZhZUOUijO25hc7LLc1rGLxSA9pAstrWMEiqW5kxylQnd2jd9FEWE6xQ4aWfjhcQDytEfMSkedM/xeYmy4OfvZsOqjv/XFvgKiibCoqJpTSKQJtNdmY7Mca5vLIdyIOJ67gASSACREL4x7gCGEX3kviHtx9WyKp/Ew6HdW7R+i0jbtGZpJiLGSQhn2Ta6qAAqKbAlUCgkXNznUkcmdC4Jo0ZpCDNKxklIzG2QFCKbC6oiogNswlzmTXOdZYv0bTccvuySRSdAJP1T+YY+NdVii222bkAC7Eb7nJR8z4DnVN9MOrpbDpiFZmaFrNcD9nJYXyAuQ4TuBNMotqxdyTot6Qlm2B+Ij3V/+x4fHhRdEAAAyA3UI1N0ks+EhmUAbSDbA4SD1ZB1O2Gz40Zq6EFFFM5OTM0qVKrBBjqCLHOgmJhMZ2fdPsn/tPUeY8aOE1qmhDgqwuD/fgaScNyHhPawMprYppYjDNHvzTg3Lo3Lv3d1JRWVpp0zWmmrRsWs1hazUkMjvjUVwjHZZvZ2sg/MKdxI5b+O6txrTj8HHMhjlUMjbwfmOR5GufTaPmw+KETTOuHN/XFyVBvsNa+ag5EZWzPC1C7HxwUr/AIs6ORWPWqvLqvjAA0OLWQHMHbkjUjgci4Nbf8P0qBbaRuoZSfiUHypnjZNQfUl97QdQHjTqri6H0oxzkVepkt5KhqvaUxmPGIGHw8+3uDSXbZViTdFF/XIFiWyAuRwNHw2ifhxbpST/ACv+DoZNKoOjNG9mFMjtJKBYyObnrsjcg7hnxvU61KVPswxrDPWGrW1KMkZ2qyX5C5OQHMncK1FvicgBmSeQFEsBhLes/tcBwUHgOZ5nw72hByYmSaijdg4dhbbyc2PNj9NwHQCs4zCJKjxyKGR1ZWB3FWFiPhW8CnVrSpUZG7dnN9QjJo7GS6NnJMchMmGc7nsLEX3bRUC44Mp+0L9IoVp/QMWKjCSAgqweN1NnikGaujcGB8DxvW/R0koULNYyLkWUeq4HvqPdvxX3TlcizESrgG75J1NJrJrFqkgQFOpUqAGkUOn0eRnHu+wd34Tw7t3dROsUsoqXY0ZOPQHVs7biN4ORHhy67qdW7TZVYZJCLlEdweIKqTkd43Vy/Vz0sD1UxkdjYfrIxcZgH1k3jwvWacdrNGNuatHSbVA01olZ02TkwzVuR68weIrdo3ScOIXbhkWReakH4jeKlVCZZGUou12UI/pWEJAZ4xfepujHnn6pPeL1Mj1yxWQMifeKC/fll5Vca1HDJ9hf4RTrIzV/5GOXzwTfuVWXGyYhSpxEkjbJ9VFAW97ANs7ItbP1t1F9XtCCEbTWMhFieCj7I+posqgZDyp1K5tlU81rbBUvb/qEKRpUC0/rlhMLlLKC/wDlp67+IG7xpClJvoNsK1RqXJCC9jYn3VPInn0Ge7dvrkesvpOxE90gHYxniDeQjq25fD410X0OQsNHI7XvI8klzck3bZvnz2aeEbdBkuEbLRhMCEz3sd7H5AcB/ZvUsCs0q1JJcIxttu2ZpUqVSQKm2506mGgB9Kh+lNKLDs3UttX3Mi2AsCTtMMsxuvRCgBUqVKgBU0mkaQFAGnGYcSRuh3MrKe5gR9a8vYzDtGxRxZk9RhyZCUYfFTXqiuO+mTU11kbGwreNs5gBmjbu0+4bC/I3PvZVZY2rRo080m0/Jz3R2LkhPaRuyMMgVJW5PO28DM2q9alekPFPPFh5tiQOdkORsuMibm2R3cq56TkB3n+/hRrUGItj8PbgxY9wRjWX3ZtaTO5rjftKR3esPz8qf+mJzP8AC35VFFPEZpFNlbhE2nGrwDHwt/NageuWs0uFw5mSNCdoKAzE7+OQFGViqp+luP8A/QJ5SR+Zt9aa5MFGNnPNNa7Y7EXDzFV+xH+rXxtmfjQRZMrHMeYJ5GnYXDvIwSNGd2yVUUszHfkozOQJ8KtOhPRjpGcjai7FOLykCw6ILsT3gDrTqLfgZyUe3QB0DoWTFTph4c2c2vbJV9526KM/LeRXpPRWASCKOGMWREVF7lFs+ZoPqZqdh8AhEXrSN7cjAbTdB9lRyHjc51Y61QjtRizZN746M0qVKnKRUqVKgBVi1ZpUAV7WwgdkxAaxNgWjADEqAxDgg5XW4Hv7wDcWCq9rejERWBIDE5RrJnYAZnccyLcQSCRVhoAzTCayaQFAGQKVR8TilXfmTuUZk/06nKozY2Q7lVe8lj4gW+ZpHNLsZRb6CFNktY3tbjfdaqNi9PYguQXIAYiygLkDz3+dWIxKcyNo8CxLH4m5pslwr6lGnyxztqPFFV1i9G2jpmLwl4nO8QgNGT9wjZXuUqK1am6gLhJWleTtWtsp+r2NkHeSNps8uBq5Vmsknu8HRjaVWMCUtmn01hxpaGsxs0M1o0N+lYaWC4UuBssRcBgQykjvFFqwamgsqfo01NjwO1LiGU4lrqN4REvuRiBtM2Vz4cyegihVqYsKjcNn7t1PxFqtjlpVRVOG53YapCgeKkZEdg7jZUn2i24fvXofoLT07vssVYWJzWxytxFrb+Rq+L3RcvYx5JxxzjB9votlKocGOBIDDZY7gcwfunj3ZHpUs0Jp9FjTXYiayKQFZqSBUqVKgAFrNhUkMW1sXRw9nRmuoIJAK7twy3GwvRqNgQCNxzFBdaZGVEKyMo27EKQt/VY5mxOzYG/JbsM1FHBQBmo+NxIjQsc+AHMncK30H0lJtyheCb/vEX/lt/EaSctsbHhHc6GwIc2Y3ZsyfkByA5U5lPO3gKdTZGsCeQJ+FZaNL4VlJlN2Y8yT8TVq0ViduJDa+Vju3rl/WqktFtW8dsPsMcn3dG/ru8BXS1EN0OPB5r07ULHn/F0+Pv4LGHH/ALyp1KsBRXMPTGaVKmsTw/KgB1K1YFIigDBcDjS2uQPy+dZArJoAF6x4grDbK7kDw3n8vGh2q6/rGN9y/Mj8qj6ax3ayXHsrkvXmfH6CpWqp/WOP3fkRXQ2bcDT7PPvOsuui10uEWFlByO6pOBnN9hjc71J4jkf3h57+dRxWJAd49oZqeo+nA9CaxRltdnclG1QZpVpw8odQw4i/d0PUVurWZhUqVKgABrVh9oRkuiKGY+uzrd7XTJd+5t+7eN1HhVd10lssS7aC7g7LAFiQDZlueBtwtcrcgXqxUAI0BwbbRZ/tEn4m9vAWFFNJvaJ+osO9vVHmaG4Uer/fdWfM+UjRhXDZuqNpR7RSH9xvMWqRQ7WSXZgI+0VHntfSlxq5pfUXUS24pS+jKtSpUq7B44sOhtNAgJKbNuDHceh5H50aqiVNwOlpY8gbrybMDuO8VjzaW3cf0OzpPU3FbMvP18/ctpNKg0OsaH20YHpZh52qSunoPtEfhb8qyvDNeDqR1mCXKkvvwEaVDW0/BzY9yn61Fn1kHuRnvY28hf50LDN+AnrdPFcyX25DbMALk2A3k1XtN6Z2wY4z6vvN9roOnz+Y/G6Rkl9tsvsjJfhx8aj2rZi0yi7l2cjV+pPInCHC9/LMUR1cktOB9oMPLa+lDqkaOk2ZYz+8vwJsfKr8iuDX0Ofp57csZezX+S50qVKuQeyN+jHzZfxDua9x/ECfxVPJoVC9pEPO6nuYX/mVR40TrRjdxMuRVIzTqwBWasEBWndHyShAjKFBuykZtuGT57I2dtSNk32+ABBK0qVAA3Tb+oo5sPIFvmBUeIZDuqVpT3e801azZOZmnHxBGqq/rXN6yJyBY+OQ+R+NWYVU9af2/wCFfrVumX/sMPqcmsDr3QKpU8Uq6R5qhgrJNbl3/CktRZNGilUoVkUBREpVNFOWglQIIrF6I8acKLJ2AyleiopwqLGWPksMT7ShuYB+IvTiadg/2afdX5Cttchrk9dF/hRFmPqkjMj1h3qdoeYowhBFxuNQeNS8H+zT7q/IVbi8leXwbqVKlVxUf//Z', 'allpati', '123456564', NULL, 28, 'male', 97, 103, 54, '2022-07-24 01:21:06', NULL, 'active', 'online', NULL, NULL),
(5, 'priya', 'py@gmail.com', '12345', NULL, 'data:image/jpeg;base64,/9j/4AAQSkZJRgABAQAAAQABAAD/2wCEAAoGBxMUExYUExQYGBYZGhgZGRkZGBkWGhkWGRoaGBoaGRofISsiGxwoHRwZIzQkKCwuMTExGSI3PDcvOyswMS4BCwsLDw4PHRERHTApIikwMDAwLjMwMDIwMjAwMDIwMDAwMDAwMDAwMDkwMDAwMDAyMDAwMDAwMDAwMjAyMDAwMP/AABEIAQkAvgMBIgACEQEDEQH/xAAcAAABBAMBAAAAAAAAAAAAAAAFAAIEBgEDBwj/xABGEAACAQICBwQHBAgFBAIDAAABAgMAEQQhBQYSMUFRYRNxgaEHIjJCkbHBUnKC0RQjM2KSsuHwFVNzk6JDwsPxNNIWJCX/xAAaAQACAwEBAAAAAAAAAAAAAAAAAgEDBAUG/8QAMBEAAgIBBAECBAUFAAMAAAAAAAECEQMEEiExQQVREzJhgSJxkaHRM0KxwfAUIyT/2gAMAwEAAhEDEQA/AOyk02skVkCgBAVmlSoAVKlWKAGSOACSQABck5AAbyTyrn+sfpYgiJTCp27DLbvsxjuO9/AAcjVX9KGuzYmVsNCxECMVa2XaupsSecYOQG42vn6tqRs8/wCtVTn4RfDGu5Fl0n6R9IzH9t2Y+zEiqP4jd/8AlQTEaZxD+3iJn+9LI3zao20OA+Of9Kz2rcDbusPlVTbZakkaySeZ+Jp0c8ieyzr90svyp3at9o/E05JmGe23xNQNwScLrFi481xU624dtJb+Hat4UUwfpN0nGf24cfZkjRh8QA3nQJsSx32I6gH5007B3oO9SR5bqnc0LtTOgaM9NUosMRhkccWicofBG2gf4hVw0H6T9HT2UymFz7sw7P8A53Kf8r1w04RT7DeByP5H41okgYZEU6yMSWJHqdHBAINwcwRutTq816t62YvBH9RKQnGN/XjP4Pd71IPWuu6mekvD4wrFIOwnOQRjdHP7j5Z/umx5XterIzTKZQaLtWQKzSpxBUqVKgBU0tSJpAUAOpUqVAGKVYJtma5B6QvSQ0zNh8GxEOavKt9qQ/ZjIzCdRm3DL2llJJDRi5PguGsvpIweGYxqTNKMisdiqnk8h9UHhYXI4iqbpP0wzujpHh0jLKyhu0ZmQsCAw9UAkb65+62yy8OFKKEsQFBJO4AXJ8KqcpMv2RiuRqC26nKCTYAkncBmT3CrHovVJjZp22R9ld/ifyv31YcHgoohaJAvW2Z7zvPjercemnLl8HO1HquLHxDl/sU7CauYmTdHsjm52fLM+VEoNTT78wHRVv53+lWYtSIrTHSwXfJycnq2ol8tL7ASPVHDje8h/hH0rZ/+LYbk/wDFRelVnwYexmev1D/uf6gSTVLDnc0o8VPzFRptTR7k3gy/UGrJSqHgg/A8fUtTHqX+ylYrVfEJmFDj9xr+RtQ4synYdT91gQR3XzFdGFNxEKOLSKrj94X/APVUz0kX8rN2H1qS/qK/yOcyYYN7OfT3vDmKiSReIq46S1SB9aBrH7DHL8Lbx41XsTEytsTKVccSPn9odR51knjnDtHawavFnX4Xz7eS6ej30oPEVgxzFosgkxzePkJDvdP3t443G7scUgYBlIKkAgg3BBzBB4ivLk8BH95HqKuvou1/OEYYbENfDMbKx/6LH/xk7x7u/demhPwxsmPyjuVKmqwO6nVaUmLVmlSoAVYNKqR6WdajhIBFE1p59pVIOaIMnccjmFHVr+7UN0rJSt0Vn0pa8mVmwWGb9WDszOp9tr2MSn7IOTHict170EoANlSL8T9BTEHZqLe0Rl+6vTqakaF0U2IfZGSj2m5DkP3jVHM5UjRKcMMHKXCQtGaIlmbZUWA3sdw/M9Kumi9FRYcWQXY72OZP98hlUjDYdYkCILAf3v4nrT66OLAocvs8trfUJ53tjxH2/kRNKtE+KVep5D68qiS4pjxt3fnV9nOUWwg8ir7RAqO+PXhc+VDiaZLOq+0wHeQKRyrssjjcnS5CB0jyXzpn+INyHn+dC30pEPe+AY/IVr/xqH7R/hNL8WHui9aLM/7H+gZGkG5Dzp66R5r50Gj0rCdz/EMPpUmLFIfZZSeQIv8ACpWSL6YktNkj80WvswquMTibHqK3qwOYIPdQWsqxG42prKXH2DVaMdg45l2ZV2hwPvKeYNRYceR7WfzqbFMrbj+dDpqmRFyxvdF0ynaV0G8BzO3ETk3EHryPkaEYjDZ9Pn/WulsoIIIBByIO41T9ZNFmFtpbmJuPFTyJ59f7ODNg2fij0em9P9RWZfDyfN4fuXX0Oa57dsBM2ag9gx4qMzEeqjNegI90X6nXloO0brJGxVlYMrDerKbgjqDXojUfWJcdhEmFg/sSKPdlX2h3HJh0YUkJXwbskK5D1KlSqwrMV521u0x+m46ae94gdhP9JLhbfeN275K7N6R9KnDaPnkU2dl7NCN4eQhAR3Alvw1wIDZQAcf5RkPO/wAKqyPwX4Y+R8MTSyBVF2Y2HIf0A8hV+0bgVgjCL4niSd5PU/K1BtS9HWUzsM2uF+6Dn8T5CrCzcTWvTYtsdz7Z571XVuc/hx6X7swTbfUDE40nJchz4n8qZi8SWNh7Pz6mhWkdJrHl7TcuXfV85qKtnOwYJ5ZbYq2TXcKCWIAHEm1CsXp4boxfqch8N58qEYvFvIbub8hwHcK1VhyamT+Xg9Dp/SoRV5OX7eCTPpGVt7kdB6o8t/jWlZiKZT9m2/fwH1NZpNvs6kMcYKoql9Dar3I5/S1bNgEHLlUZFJPmTU/ROi5JY55V9iJV2j1dgBbuF2PIL1pWWpmpAAb2HwpOudRjKwyrc5e1jkwANiN6MAyn4EHuNQCofgsU63AY5cN4t3GiMOmRucDvH5UE7Q3vxpMtxceI5f0q6GScOmZM2kw5VzFX79MtkUqsLqQR0rZGSMwbVUMNiWQ3U2+VWDAaXWT1T6rfPurZi1ClxLhnC1Xpk8acocx/dB7D42+TZHnwP5VvnhV1KOLqwsR9e+g9TcFivdbwP0Nafozlcxe6JTNLaPMMjRtmN6nmp3Hv/KrL6HdYDhsb2Dn9ViLL0EwuY26bWadSy8q3a06P7WEsB68d2HVfeH18KozsykOh2WUgqw3hgbqR1Bsa52SHw58dHrNFqVqcNvtcP+T1PWCKG6s6VGKwsOIH/URWI5PudfBgR4UTpxjmPp4xtosLD9qR5P8AbUIAf93yrl/ZF5Ai7yVQfK/xzq9+m3EXx0CcEhDfxu9/JBVU1Sg28SpPuhm8fZ+bVTW7JRZkn8PC5eybLpDCERUXcoAHcBYf31qDj8Rc7I3Df31Kxk2yCRvOQoBpTG9kuXtHd05k10pSUI2zyOLHPNkqPLf/AFkbS+k9j1E9vifs/wBaAk86c7XN+fmacID7xC9+/wCG+ubkyObtnrdLpYYIbV35fua6ckZOfDmch8adtKNw2jzbd8Pzpsrk5sfy8KqNQ7aA9nM8z9B9T5U1ELHLv/Mk1LxeiniSIyAh5c0jt62xuDFd4LNko47J6VddV9TDEvb4mMts+skAzZm93tOF72su4ceNobSJSsp02j5FaOFVJkkCsFA9Ztr2bjgCPWHQ3PTrOrmgUw2GEBAYsCZTbJ2YWb8NvVHQCtGrerZid8TiCHxMpJYjNYwfcTuFhfkLd9hC0knfAyVcnGdc9XXwsu4mNr9m2+6j3SftqN/MC/OxzGaEOK0fhsThxeaKIRuoGcixXQi3FhYkcw1uVX/Sejo542imUMjbx14EHeCOBFAdV9DzYGV4bmTDSnaR/eil3WkA4MLDaGV1G69ClaBo5PIo9pdx8jypoJBB3cRXUdbtRVmZpsPZJTcuhySU8/3X67jxsc6q2gdExyStgcWrxSG7Qvazo29k5OjAXHC4axu1MpcCtcla2Q3s5H7PP7v5Vrq0aX9HuLhuYwJlHGPJ/GM5+Clqr0gzKyAq4yNwQR0dTn476lMigjojSu5JD0Vj8j+dGaqEkZGR/oR0o5oTSG0Nhj6w3HmPzFbtPmv8MvscH1LQqN5ca/Nf7LJgMRtCx3jzFUvS+AEUrpb1b3XopzHwvbwqzQvskHiPlQvXVAWikG5lI8VIt42byp9TG4X7Gf0nJszbPEl+6L56CNJ7eGmgJzik2lHJJBf+dZD410cVxX0H4opj5Y+EkJP4o3S3kz12qqIO0dyaqRxD0yP/AP0j0hjH85+tDdRV9eU8lUfEsfpRL0zrbSJ6wxHzcfSoOo2RmvyT/vqMX9VFGvf/AMkvt/kJ6TnAJJ9lRmeXEn++VVDGTGRi7mwO4cbcLD60X1ixtltxc36WGefjaq+SSc8yabVZLltRR6Tp1CHxH2+F+Q/treyLdd7fHh4Uy3E7vnRLQugJ8Q+xFHtEe1c2RP8AUfh90Z10bV3UCCAiSe00o3XFo1PDZTjbmfACsbkkdmmylas6lYjE2kZdiHeCx2TJy2ciQv71j0B4XnQOo8EDCWS0sota67MaW3COO53c2JPHferSFrOzSttk0kCsNoONZ3xDevM+5j7ijILGPdFt53kk332omqU8ClRQWNC1ms0qCbMEUy1PpWqKCxpWo2O0bFLs9ogbYYMh95GBuGVt6m/KplKpIGFaHab0DBiV2Z4w32WGTr91t47tx4iilKoomzjWtOqk2DNz+tw7GyuBYqTuDD3W67j5UDQFCHB43U/Qiu94nDq6sjqGVhZlIuCDvBFcg101ebBzWF2w8lyhOZFt6E/aHA8R408ZCSSap9ErDYgSKHHHyPEfGoesrXgTpJ5MrfUVG0BNss0ZORG0p8j/AH0NSNPsBGL7iwB+DZiui578LZ5qOB4dco+L4/Jm30WS7OlcNybtVPd2UjDzArv1ef8A0aof8Vwo5PJ5QymvQBNUY+juZfmOQenLDBcVh5be3Eyf7b7X/k86quqmItJIvONviCPoTXSvTdo8vg0mG+KQX+5J6h/59nXJNGYjYkVuF7HubI0qe3ImJmx/F07ivZ/r4Nml3LzEDhZR4ZnzvRrUrVVsU5NysKGzyDex39nFyy3twv1oNhcK80ywx/tJXsem0b59ALse7pXcND6LTDwpDGLIgsOZO8sepNye+qsktzbNGGCx44x9kkLA4KKCMRxIERdyqPieZJ57zUPSOmzELphcTL/pxj5Oyn4A0Slxcae06L3so68TUR9PYYb8RFkdn9ou+9t1+Z+tVpFtlTxfpSSNtmTBzIeUlo2/hIqToz0o4KRgsgkhJsNqRVKXPNlJsOpAFWLEY7BzKUklgkU71d42B8CarWk/Rxo6c3hcxE8IpFZT+Br2/DYUyoguopVq0fgxDFHEpJWNEQFsyQihQSeJsK30pI2kadStUEjKzTqVADaVOtQbXPRsuIwksMMixu4A2mJVSoYFlJFyARcbuNTRBnE614GNir4qEMN47RSQeRAORp2H1owTmyYqEnl2qAnuBNc/0b6MoV/+Tjoxu9WIoLfjc/8AbVlweqeho9/ZOeck+1/x2gvlTOKIst6kEXGY5jMUM1o0KuKwzwmwJF0b7Mg9k/HI9Ca06OwmAi/YGKPpFIEBPUK1m8b0YjYEZEHqLH5UtE2cCwrmOQBhssjG4O8WOy6nwv8ACiGsr5IvUn4C31qf6TdGdjjiwFllAk6bXsuPiNo/foBpPE7bL0RR4kXPzt4VohOoSj70YsuDdqIZPZO/9Fn9EGG29JRt/lxSP5CP5SWruFcv9BGjssROeaRL4DtH/mT4V1ECnxr8I2R3IHawYWOaCSGU2WRGTmbsDYqN5YbxblXnHEwtGzq4s8ZcMM7bSXuO64r0O8m0xc8bhei3yt37z3jkK496VNGdni3YZLNHtX4beyY2+Sn8VUuW6RdCG1FBw2n8RG/aRyFHzG0tgRtb7HeKkYR8ZjZFiM7vtMF2pZW2ATe20zmw3HLebWAJyoRLEVJB3jfXfNEahRJov9EIAllVZHk3kT5Mp4Eqp9W2WV+Zq6TUUVJSk+TlU+ruHwzzQ4ppWkTJDD2fZtdQQSz52z4DpvoY+ERvZS1sjYsc+N7mr7qDqA0mOkixceysCq7pe6uXJEdiN6HZY9bAHiKJa+YFQ0rLEAiERJusiK2xZVGSgm+4e9UxVq7EyZIwajXbo5b+gpyPxNWfVfRWjMS6w4gSQSMQEdJAUZuAIdW2STwvnzubVGMC/ZHwp+F0TDIJNqRo32f1ShNsSSXFlJuNgEXF+ZB4WKt2WcLlotWO9FuNgBOj8e+WYjZ3hPcGU7JPeFFBoPSDpbAy9ljE7S29ZVCsV5pIvtD971hXQPRprA+JgMUxJnhIVid7obhHPXJlPVb8aL6z6uQY2AwzrwOw4HrRtwZT8xx3VXup1JD7bVxZq1Q1mhx8HbRBl2WKujb0cAG1xkRYggjyOVEJdIwKbNNGp5GRQfgTXKNSPRnLL+kx4uaWKFJOz2InAWV1vtMb3FrbFiVz2uFquUXoq0WBYwM3UyyX8mApZRin2NGUmui2RSqwurBhzUgjyrnOvPpXGHkeDCxh5EYq8j32FdTZlVRYsRmL3AuONEMV6J8IDt4WWfDSAHZZHLAd4PrHwYVXNQ/R0Xxk8uPHaLDIy2bPtpTaTbfM3XZZWtxLi+4gzFQ7Ik59Ig6Lh09pOz9vJHCcw5YwRkfuqgDSC3GxGWZqwYb0Nwn1sVippH4ldlB8X2ya6SPKua+lLWl2ZsFhybKP1zDrujvyzF+8DnQpSk6jwG1JXIr2mcDoOBikccszDIlZDsg9XyB/CDQeaTRxsFwToNobTfpDOdgG5CggC5GVycr8a0Jo/mfhnU3RWg1lk2TNHGNlm2pCVU2GSgj3idwqxfmK5fRfoSMFoXReIZtjt43JCxQqwZ3Nibs7qUAO621la5JuAGaf9HU+GYfo0wmkEZkeOO6yogtdrA+stzYbmPBcjYovo9klwzTQMTLGSHiNiHGTKY2sCrWy2WvcjeKgajaexEErR4WKOSfEFFDyByRvOdmHqi5Ynpc3tUtOPkWMozVpfoU6bS077O3NI+zfZ23Zwt7Xtcm24fCpOjMY7tssb5E7s+FWv0yatrhpop0zWZW2/VABmTZ23sMl29oNbmGqras4BpZFUZdoyxjvdlF/C9DacbIjuUqPRXow0b2GjoAR60imVuH7Q7Yv3KVHhVoodhsYFAVlCqAFBB2lAGQByFvlRGmi01wLJNPkAoPUToAPEACqj6VtEmXCiZRdoW2jz7JrB/gQjdymrrPFssV4MSy+ObDvuSe5hyNa2iDAqwBBBBBzBByIPS1ZGtsjWnaOUav6vYOXReKxDwK00YmIclrjYiDqbA2yvy4V1y1VrQOqQw8OLw+1tQzFti+ZCPH2ZVudufEWoxoHGdrBFIRZigDi99mRfVkQ9VcMp6imbtC1TJOEwyrOZhkXQRv1CMWQ+BZx+PpQPWzRiq7mRbwy+ADkWKk+7c2YHiSRwFWCnF8irAMpFirC4I5W5Vbjy7eGZ9Rp/iLjs4/i9T5Qf1bqy8NolW8crHv8qK6O1PQdnsyGScg+oFAUHaIve5NgLZ5Ab+IFXo6vYMm/YkdFkkVf4QwAojgY4YgRHEEvvsACe87z41ZvxrlFHw9Q1tk1X07Akmr4w8uFmTOytBMd20sh7RXtxtKLDkJTRi1b58QWFrC3xrQTbM5DnWeclKVo244uMaBOgv2+Otu/SE+P6Lhr/T40WoZqwC0JmIsZ5Hm3EHs3Norg5huyWO/W9FKVjroxQvV/2Zid/wCkT38JCF/4haK0K0d6mJxER9/YnTlYqsUij7rxhj/qioQMk6UxLRwu6LtOBZFv7UjHZjW/Vio8apum9SuwRE2gzSoe2lPv4i5d2PeTcLyU8qv8dgQSL2Nx37r+db8UscqFZBkeeRBHEHgRzFX4XFdmfURlKNR/5nAdIaOlgYrKhUjjvU9Q240S1b1cknJc2WNbMSxAL+so2VB35HfXScTqzMp/VSxuvDtLowHVlBDfAU7CatsT+vlXZ4pFtet0MhsQO4A9au2wXNmV5M8lt28+9knU3DKscslgqMbDkVQG7d1yw/DQnUzVyOBWnMQE8rSOWIO0sckjOkdj7Nl2bgcRnuq0vINkIihUAAAFgLAZC3AdK12qjLk3Pg16fFsikyta8aHjxXZQyJterOy78mERCtlyYrXL/R3hlOOwygWG2Wt1VGf5rXYSNvHLbdDC+1y2p5E2fELC3g451y/U3D9jpeOK1tiWeP8AhjlUfKq74ovS5s6/04HI0R0Y5KC+8Er4AkC/W1qHqM6n6M/Zg/aJbwJNvK1Th7FzdG6eEOLHvBG8HmDwNQmwkg3bLDnfZPiLW8bjuomBWavlBS7M8ZuPQHBIJVhYi3G+RFwR5jwNBjKMLMxbLDzPtBvdixDZMGPupIbMCcg5a59dRVg0rFazjhk33TuPgfImocgBBVgCCCCCLgg5EEcRWeS2ujRF7lZtvWaDJoySLLDTbKf5UimWMC+YjO0Hj5AbRVbCyiti47EqPXwoc8OxmRrjulEdj0v40tDhS1ZoaulpOOExC/7DfyzGsHSspNlwc56loEUd95dr4KaKIsJ0G0pJ+kO2FTOMZYlxuCHPsAeMjj2h7qE3sWS+yTC4mXKR1gjO9YWZ5GF/84hezuN+yu1nk4tep+EwqRIEjUKg3AdTcnqSSSScySSanojs3Ur1g0hQSZofprBOwSWG3bxEtHc2DgizxMeCuOPBlRrHZtRClQBG0dj0mTbS+8qysLOjj2kdfdYcvEXBBqTUDHaJDP20TmKawBdQCHUZhZUOUijO25hc7LLc1rGLxSA9pAstrWMEiqW5kxylQnd2jd9FEWE6xQ4aWfjhcQDytEfMSkedM/xeYmy4OfvZsOqjv/XFvgKiibCoqJpTSKQJtNdmY7Mca5vLIdyIOJ67gASSACREL4x7gCGEX3kviHtx9WyKp/Ew6HdW7R+i0jbtGZpJiLGSQhn2Ta6qAAqKbAlUCgkXNznUkcmdC4Jo0ZpCDNKxklIzG2QFCKbC6oiogNswlzmTXOdZYv0bTccvuySRSdAJP1T+YY+NdVii222bkAC7Eb7nJR8z4DnVN9MOrpbDpiFZmaFrNcD9nJYXyAuQ4TuBNMotqxdyTot6Qlm2B+Ij3V/+x4fHhRdEAAAyA3UI1N0ks+EhmUAbSDbA4SD1ZB1O2Gz40Zq6EFFFM5OTM0qVKrBBjqCLHOgmJhMZ2fdPsn/tPUeY8aOE1qmhDgqwuD/fgaScNyHhPawMprYppYjDNHvzTg3Lo3Lv3d1JRWVpp0zWmmrRsWs1hazUkMjvjUVwjHZZvZ2sg/MKdxI5b+O6txrTj8HHMhjlUMjbwfmOR5GufTaPmw+KETTOuHN/XFyVBvsNa+ag5EZWzPC1C7HxwUr/AIs6ORWPWqvLqvjAA0OLWQHMHbkjUjgci4Nbf8P0qBbaRuoZSfiUHypnjZNQfUl97QdQHjTqri6H0oxzkVepkt5KhqvaUxmPGIGHw8+3uDSXbZViTdFF/XIFiWyAuRwNHw2ifhxbpST/ACv+DoZNKoOjNG9mFMjtJKBYyObnrsjcg7hnxvU61KVPswxrDPWGrW1KMkZ2qyX5C5OQHMncK1FvicgBmSeQFEsBhLes/tcBwUHgOZ5nw72hByYmSaijdg4dhbbyc2PNj9NwHQCs4zCJKjxyKGR1ZWB3FWFiPhW8CnVrSpUZG7dnN9QjJo7GS6NnJMchMmGc7nsLEX3bRUC44Mp+0L9IoVp/QMWKjCSAgqweN1NnikGaujcGB8DxvW/R0koULNYyLkWUeq4HvqPdvxX3TlcizESrgG75J1NJrJrFqkgQFOpUqAGkUOn0eRnHu+wd34Tw7t3dROsUsoqXY0ZOPQHVs7biN4ORHhy67qdW7TZVYZJCLlEdweIKqTkd43Vy/Vz0sD1UxkdjYfrIxcZgH1k3jwvWacdrNGNuatHSbVA01olZ02TkwzVuR68weIrdo3ScOIXbhkWReakH4jeKlVCZZGUou12UI/pWEJAZ4xfepujHnn6pPeL1Mj1yxWQMifeKC/fll5Vca1HDJ9hf4RTrIzV/5GOXzwTfuVWXGyYhSpxEkjbJ9VFAW97ANs7ItbP1t1F9XtCCEbTWMhFieCj7I+posqgZDyp1K5tlU81rbBUvb/qEKRpUC0/rlhMLlLKC/wDlp67+IG7xpClJvoNsK1RqXJCC9jYn3VPInn0Ge7dvrkesvpOxE90gHYxniDeQjq25fD410X0OQsNHI7XvI8klzck3bZvnz2aeEbdBkuEbLRhMCEz3sd7H5AcB/ZvUsCs0q1JJcIxttu2ZpUqVSQKm2506mGgB9Kh+lNKLDs3UttX3Mi2AsCTtMMsxuvRCgBUqVKgBU0mkaQFAGnGYcSRuh3MrKe5gR9a8vYzDtGxRxZk9RhyZCUYfFTXqiuO+mTU11kbGwreNs5gBmjbu0+4bC/I3PvZVZY2rRo080m0/Jz3R2LkhPaRuyMMgVJW5PO28DM2q9alekPFPPFh5tiQOdkORsuMibm2R3cq56TkB3n+/hRrUGItj8PbgxY9wRjWX3ZtaTO5rjftKR3esPz8qf+mJzP8AC35VFFPEZpFNlbhE2nGrwDHwt/NageuWs0uFw5mSNCdoKAzE7+OQFGViqp+luP8A/QJ5SR+Zt9aa5MFGNnPNNa7Y7EXDzFV+xH+rXxtmfjQRZMrHMeYJ5GnYXDvIwSNGd2yVUUszHfkozOQJ8KtOhPRjpGcjai7FOLykCw6ILsT3gDrTqLfgZyUe3QB0DoWTFTph4c2c2vbJV9526KM/LeRXpPRWASCKOGMWREVF7lFs+ZoPqZqdh8AhEXrSN7cjAbTdB9lRyHjc51Y61QjtRizZN746M0qVKnKRUqVKgBVi1ZpUAV7WwgdkxAaxNgWjADEqAxDgg5XW4Hv7wDcWCq9rejERWBIDE5RrJnYAZnccyLcQSCRVhoAzTCayaQFAGQKVR8TilXfmTuUZk/06nKozY2Q7lVe8lj4gW+ZpHNLsZRb6CFNktY3tbjfdaqNi9PYguQXIAYiygLkDz3+dWIxKcyNo8CxLH4m5pslwr6lGnyxztqPFFV1i9G2jpmLwl4nO8QgNGT9wjZXuUqK1am6gLhJWleTtWtsp+r2NkHeSNps8uBq5Vmsknu8HRjaVWMCUtmn01hxpaGsxs0M1o0N+lYaWC4UuBssRcBgQykjvFFqwamgsqfo01NjwO1LiGU4lrqN4REvuRiBtM2Vz4cyegihVqYsKjcNn7t1PxFqtjlpVRVOG53YapCgeKkZEdg7jZUn2i24fvXofoLT07vssVYWJzWxytxFrb+Rq+L3RcvYx5JxxzjB9votlKocGOBIDDZY7gcwfunj3ZHpUs0Jp9FjTXYiayKQFZqSBUqVKgAFrNhUkMW1sXRw9nRmuoIJAK7twy3GwvRqNgQCNxzFBdaZGVEKyMo27EKQt/VY5mxOzYG/JbsM1FHBQBmo+NxIjQsc+AHMncK30H0lJtyheCb/vEX/lt/EaSctsbHhHc6GwIc2Y3ZsyfkByA5U5lPO3gKdTZGsCeQJ+FZaNL4VlJlN2Y8yT8TVq0ViduJDa+Vju3rl/WqktFtW8dsPsMcn3dG/ru8BXS1EN0OPB5r07ULHn/F0+Pv4LGHH/ALyp1KsBRXMPTGaVKmsTw/KgB1K1YFIigDBcDjS2uQPy+dZArJoAF6x4grDbK7kDw3n8vGh2q6/rGN9y/Mj8qj6ax3ayXHsrkvXmfH6CpWqp/WOP3fkRXQ2bcDT7PPvOsuui10uEWFlByO6pOBnN9hjc71J4jkf3h57+dRxWJAd49oZqeo+nA9CaxRltdnclG1QZpVpw8odQw4i/d0PUVurWZhUqVKgABrVh9oRkuiKGY+uzrd7XTJd+5t+7eN1HhVd10lssS7aC7g7LAFiQDZlueBtwtcrcgXqxUAI0BwbbRZ/tEn4m9vAWFFNJvaJ+osO9vVHmaG4Uer/fdWfM+UjRhXDZuqNpR7RSH9xvMWqRQ7WSXZgI+0VHntfSlxq5pfUXUS24pS+jKtSpUq7B44sOhtNAgJKbNuDHceh5H50aqiVNwOlpY8gbrybMDuO8VjzaW3cf0OzpPU3FbMvP18/ctpNKg0OsaH20YHpZh52qSunoPtEfhb8qyvDNeDqR1mCXKkvvwEaVDW0/BzY9yn61Fn1kHuRnvY28hf50LDN+AnrdPFcyX25DbMALk2A3k1XtN6Z2wY4z6vvN9roOnz+Y/G6Rkl9tsvsjJfhx8aj2rZi0yi7l2cjV+pPInCHC9/LMUR1cktOB9oMPLa+lDqkaOk2ZYz+8vwJsfKr8iuDX0Ofp57csZezX+S50qVKuQeyN+jHzZfxDua9x/ECfxVPJoVC9pEPO6nuYX/mVR40TrRjdxMuRVIzTqwBWasEBWndHyShAjKFBuykZtuGT57I2dtSNk32+ABBK0qVAA3Tb+oo5sPIFvmBUeIZDuqVpT3e801azZOZmnHxBGqq/rXN6yJyBY+OQ+R+NWYVU9af2/wCFfrVumX/sMPqcmsDr3QKpU8Uq6R5qhgrJNbl3/CktRZNGilUoVkUBREpVNFOWglQIIrF6I8acKLJ2AyleiopwqLGWPksMT7ShuYB+IvTiadg/2afdX5Cttchrk9dF/hRFmPqkjMj1h3qdoeYowhBFxuNQeNS8H+zT7q/IVbi8leXwbqVKlVxUf//Z', 'allpati', '123456564', NULL, 25, 'female', 97, 64, 54, '2022-07-24 01:21:47', NULL, 'active', 'online', NULL, NULL);
INSERT INTO `user` (`id`, `name`, `email`, `password`, `fcm`, `image`, `address`, `phone`, `doctor_report`, `age`, `gender`, `weight`, `bp_level`, `sugar_level`, `created_at`, `updated_at`, `active_status`, `login_status`, `offer_id`, `booking`) VALUES
(6, 'payal', 'pl@gmail.com', '12345', NULL, 'data:image/jpeg;base64,/9j/4AAQSkZJRgABAQAAAQABAAD/2wCEAAoGBxMUExYUExQYGBYZGhgZGRkZGBkWGhkWGRoaGBoaGRofISsiGxwoHRwZIzQkKCwuMTExGSI3PDcvOyswMS4BCwsLDw4PHRERHTApIikwMDAwLjMwMDIwMjAwMDIwMDAwMDAwMDAwMDkwMDAwMDAyMDAwMDAwMDAwMjAyMDAwMP/AABEIAQkAvgMBIgACEQEDEQH/xAAcAAABBAMBAAAAAAAAAAAAAAAFAAIEBgEDBwj/xABGEAACAQICBwQHBAgFBAIDAAABAgMAEQQhBQYSMUFRYRNxgaEHIjJCkbHBUnKC0RQjM2KSsuHwFVNzk6JDwsPxNNIWJCX/xAAaAQACAwEBAAAAAAAAAAAAAAAAAgEDBAUG/8QAMBEAAgIBBAECBAUFAAMAAAAAAAECEQMEEiExQQVREzJhgSJxkaHRM0KxwfAUIyT/2gAMAwEAAhEDEQA/AOyk02skVkCgBAVmlSoAVKlWKAGSOACSQABck5AAbyTyrn+sfpYgiJTCp27DLbvsxjuO9/AAcjVX9KGuzYmVsNCxECMVa2XaupsSecYOQG42vn6tqRs8/wCtVTn4RfDGu5Fl0n6R9IzH9t2Y+zEiqP4jd/8AlQTEaZxD+3iJn+9LI3zao20OA+Of9Kz2rcDbusPlVTbZakkaySeZ+Jp0c8ieyzr90svyp3at9o/E05JmGe23xNQNwScLrFi481xU624dtJb+Hat4UUwfpN0nGf24cfZkjRh8QA3nQJsSx32I6gH5007B3oO9SR5bqnc0LtTOgaM9NUosMRhkccWicofBG2gf4hVw0H6T9HT2UymFz7sw7P8A53Kf8r1w04RT7DeByP5H41okgYZEU6yMSWJHqdHBAINwcwRutTq816t62YvBH9RKQnGN/XjP4Pd71IPWuu6mekvD4wrFIOwnOQRjdHP7j5Z/umx5XterIzTKZQaLtWQKzSpxBUqVKgBU0tSJpAUAOpUqVAGKVYJtma5B6QvSQ0zNh8GxEOavKt9qQ/ZjIzCdRm3DL2llJJDRi5PguGsvpIweGYxqTNKMisdiqnk8h9UHhYXI4iqbpP0wzujpHh0jLKyhu0ZmQsCAw9UAkb65+62yy8OFKKEsQFBJO4AXJ8KqcpMv2RiuRqC26nKCTYAkncBmT3CrHovVJjZp22R9ld/ifyv31YcHgoohaJAvW2Z7zvPjercemnLl8HO1HquLHxDl/sU7CauYmTdHsjm52fLM+VEoNTT78wHRVv53+lWYtSIrTHSwXfJycnq2ol8tL7ASPVHDje8h/hH0rZ/+LYbk/wDFRelVnwYexmev1D/uf6gSTVLDnc0o8VPzFRptTR7k3gy/UGrJSqHgg/A8fUtTHqX+ylYrVfEJmFDj9xr+RtQ4synYdT91gQR3XzFdGFNxEKOLSKrj94X/APVUz0kX8rN2H1qS/qK/yOcyYYN7OfT3vDmKiSReIq46S1SB9aBrH7DHL8Lbx41XsTEytsTKVccSPn9odR51knjnDtHawavFnX4Xz7eS6ej30oPEVgxzFosgkxzePkJDvdP3t443G7scUgYBlIKkAgg3BBzBB4ivLk8BH95HqKuvou1/OEYYbENfDMbKx/6LH/xk7x7u/demhPwxsmPyjuVKmqwO6nVaUmLVmlSoAVYNKqR6WdajhIBFE1p59pVIOaIMnccjmFHVr+7UN0rJSt0Vn0pa8mVmwWGb9WDszOp9tr2MSn7IOTHict170EoANlSL8T9BTEHZqLe0Rl+6vTqakaF0U2IfZGSj2m5DkP3jVHM5UjRKcMMHKXCQtGaIlmbZUWA3sdw/M9Kumi9FRYcWQXY72OZP98hlUjDYdYkCILAf3v4nrT66OLAocvs8trfUJ53tjxH2/kRNKtE+KVep5D68qiS4pjxt3fnV9nOUWwg8ir7RAqO+PXhc+VDiaZLOq+0wHeQKRyrssjjcnS5CB0jyXzpn+INyHn+dC30pEPe+AY/IVr/xqH7R/hNL8WHui9aLM/7H+gZGkG5Dzp66R5r50Gj0rCdz/EMPpUmLFIfZZSeQIv8ACpWSL6YktNkj80WvswquMTibHqK3qwOYIPdQWsqxG42prKXH2DVaMdg45l2ZV2hwPvKeYNRYceR7WfzqbFMrbj+dDpqmRFyxvdF0ynaV0G8BzO3ETk3EHryPkaEYjDZ9Pn/WulsoIIIBByIO41T9ZNFmFtpbmJuPFTyJ59f7ODNg2fij0em9P9RWZfDyfN4fuXX0Oa57dsBM2ag9gx4qMzEeqjNegI90X6nXloO0brJGxVlYMrDerKbgjqDXojUfWJcdhEmFg/sSKPdlX2h3HJh0YUkJXwbskK5D1KlSqwrMV521u0x+m46ae94gdhP9JLhbfeN275K7N6R9KnDaPnkU2dl7NCN4eQhAR3Alvw1wIDZQAcf5RkPO/wAKqyPwX4Y+R8MTSyBVF2Y2HIf0A8hV+0bgVgjCL4niSd5PU/K1BtS9HWUzsM2uF+6Dn8T5CrCzcTWvTYtsdz7Z571XVuc/hx6X7swTbfUDE40nJchz4n8qZi8SWNh7Pz6mhWkdJrHl7TcuXfV85qKtnOwYJ5ZbYq2TXcKCWIAHEm1CsXp4boxfqch8N58qEYvFvIbub8hwHcK1VhyamT+Xg9Dp/SoRV5OX7eCTPpGVt7kdB6o8t/jWlZiKZT9m2/fwH1NZpNvs6kMcYKoql9Dar3I5/S1bNgEHLlUZFJPmTU/ROi5JY55V9iJV2j1dgBbuF2PIL1pWWpmpAAb2HwpOudRjKwyrc5e1jkwANiN6MAyn4EHuNQCofgsU63AY5cN4t3GiMOmRucDvH5UE7Q3vxpMtxceI5f0q6GScOmZM2kw5VzFX79MtkUqsLqQR0rZGSMwbVUMNiWQ3U2+VWDAaXWT1T6rfPurZi1ClxLhnC1Xpk8acocx/dB7D42+TZHnwP5VvnhV1KOLqwsR9e+g9TcFivdbwP0Nafozlcxe6JTNLaPMMjRtmN6nmp3Hv/KrL6HdYDhsb2Dn9ViLL0EwuY26bWadSy8q3a06P7WEsB68d2HVfeH18KozsykOh2WUgqw3hgbqR1Bsa52SHw58dHrNFqVqcNvtcP+T1PWCKG6s6VGKwsOIH/URWI5PudfBgR4UTpxjmPp4xtosLD9qR5P8AbUIAf93yrl/ZF5Ai7yVQfK/xzq9+m3EXx0CcEhDfxu9/JBVU1Sg28SpPuhm8fZ+bVTW7JRZkn8PC5eybLpDCERUXcoAHcBYf31qDj8Rc7I3Df31Kxk2yCRvOQoBpTG9kuXtHd05k10pSUI2zyOLHPNkqPLf/AFkbS+k9j1E9vifs/wBaAk86c7XN+fmacID7xC9+/wCG+ubkyObtnrdLpYYIbV35fua6ckZOfDmch8adtKNw2jzbd8Pzpsrk5sfy8KqNQ7aA9nM8z9B9T5U1ELHLv/Mk1LxeiniSIyAh5c0jt62xuDFd4LNko47J6VddV9TDEvb4mMts+skAzZm93tOF72su4ceNobSJSsp02j5FaOFVJkkCsFA9Ztr2bjgCPWHQ3PTrOrmgUw2GEBAYsCZTbJ2YWb8NvVHQCtGrerZid8TiCHxMpJYjNYwfcTuFhfkLd9hC0knfAyVcnGdc9XXwsu4mNr9m2+6j3SftqN/MC/OxzGaEOK0fhsThxeaKIRuoGcixXQi3FhYkcw1uVX/Sejo542imUMjbx14EHeCOBFAdV9DzYGV4bmTDSnaR/eil3WkA4MLDaGV1G69ClaBo5PIo9pdx8jypoJBB3cRXUdbtRVmZpsPZJTcuhySU8/3X67jxsc6q2gdExyStgcWrxSG7Qvazo29k5OjAXHC4axu1MpcCtcla2Q3s5H7PP7v5Vrq0aX9HuLhuYwJlHGPJ/GM5+Clqr0gzKyAq4yNwQR0dTn476lMigjojSu5JD0Vj8j+dGaqEkZGR/oR0o5oTSG0Nhj6w3HmPzFbtPmv8MvscH1LQqN5ca/Nf7LJgMRtCx3jzFUvS+AEUrpb1b3XopzHwvbwqzQvskHiPlQvXVAWikG5lI8VIt42byp9TG4X7Gf0nJszbPEl+6L56CNJ7eGmgJzik2lHJJBf+dZD410cVxX0H4opj5Y+EkJP4o3S3kz12qqIO0dyaqRxD0yP/AP0j0hjH85+tDdRV9eU8lUfEsfpRL0zrbSJ6wxHzcfSoOo2RmvyT/vqMX9VFGvf/AMkvt/kJ6TnAJJ9lRmeXEn++VVDGTGRi7mwO4cbcLD60X1ixtltxc36WGefjaq+SSc8yabVZLltRR6Tp1CHxH2+F+Q/treyLdd7fHh4Uy3E7vnRLQugJ8Q+xFHtEe1c2RP8AUfh90Z10bV3UCCAiSe00o3XFo1PDZTjbmfACsbkkdmmylas6lYjE2kZdiHeCx2TJy2ciQv71j0B4XnQOo8EDCWS0sota67MaW3COO53c2JPHferSFrOzSttk0kCsNoONZ3xDevM+5j7ijILGPdFt53kk332omqU8ClRQWNC1ms0qCbMEUy1PpWqKCxpWo2O0bFLs9ogbYYMh95GBuGVt6m/KplKpIGFaHab0DBiV2Z4w32WGTr91t47tx4iilKoomzjWtOqk2DNz+tw7GyuBYqTuDD3W67j5UDQFCHB43U/Qiu94nDq6sjqGVhZlIuCDvBFcg101ebBzWF2w8lyhOZFt6E/aHA8R408ZCSSap9ErDYgSKHHHyPEfGoesrXgTpJ5MrfUVG0BNss0ZORG0p8j/AH0NSNPsBGL7iwB+DZiui578LZ5qOB4dco+L4/Jm30WS7OlcNybtVPd2UjDzArv1ef8A0aof8Vwo5PJ5QymvQBNUY+juZfmOQenLDBcVh5be3Eyf7b7X/k86quqmItJIvONviCPoTXSvTdo8vg0mG+KQX+5J6h/59nXJNGYjYkVuF7HubI0qe3ImJmx/F07ivZ/r4Nml3LzEDhZR4ZnzvRrUrVVsU5NysKGzyDex39nFyy3twv1oNhcK80ywx/tJXsem0b59ALse7pXcND6LTDwpDGLIgsOZO8sepNye+qsktzbNGGCx44x9kkLA4KKCMRxIERdyqPieZJ57zUPSOmzELphcTL/pxj5Oyn4A0Slxcae06L3so68TUR9PYYb8RFkdn9ou+9t1+Z+tVpFtlTxfpSSNtmTBzIeUlo2/hIqToz0o4KRgsgkhJsNqRVKXPNlJsOpAFWLEY7BzKUklgkU71d42B8CarWk/Rxo6c3hcxE8IpFZT+Br2/DYUyoguopVq0fgxDFHEpJWNEQFsyQihQSeJsK30pI2kadStUEjKzTqVADaVOtQbXPRsuIwksMMixu4A2mJVSoYFlJFyARcbuNTRBnE614GNir4qEMN47RSQeRAORp2H1owTmyYqEnl2qAnuBNc/0b6MoV/+Tjoxu9WIoLfjc/8AbVlweqeho9/ZOeck+1/x2gvlTOKIst6kEXGY5jMUM1o0KuKwzwmwJF0b7Mg9k/HI9Ca06OwmAi/YGKPpFIEBPUK1m8b0YjYEZEHqLH5UtE2cCwrmOQBhssjG4O8WOy6nwv8ACiGsr5IvUn4C31qf6TdGdjjiwFllAk6bXsuPiNo/foBpPE7bL0RR4kXPzt4VohOoSj70YsuDdqIZPZO/9Fn9EGG29JRt/lxSP5CP5SWruFcv9BGjssROeaRL4DtH/mT4V1ECnxr8I2R3IHawYWOaCSGU2WRGTmbsDYqN5YbxblXnHEwtGzq4s8ZcMM7bSXuO64r0O8m0xc8bhei3yt37z3jkK496VNGdni3YZLNHtX4beyY2+Sn8VUuW6RdCG1FBw2n8RG/aRyFHzG0tgRtb7HeKkYR8ZjZFiM7vtMF2pZW2ATe20zmw3HLebWAJyoRLEVJB3jfXfNEahRJov9EIAllVZHk3kT5Mp4Eqp9W2WV+Zq6TUUVJSk+TlU+ruHwzzQ4ppWkTJDD2fZtdQQSz52z4DpvoY+ERvZS1sjYsc+N7mr7qDqA0mOkixceysCq7pe6uXJEdiN6HZY9bAHiKJa+YFQ0rLEAiERJusiK2xZVGSgm+4e9UxVq7EyZIwajXbo5b+gpyPxNWfVfRWjMS6w4gSQSMQEdJAUZuAIdW2STwvnzubVGMC/ZHwp+F0TDIJNqRo32f1ShNsSSXFlJuNgEXF+ZB4WKt2WcLlotWO9FuNgBOj8e+WYjZ3hPcGU7JPeFFBoPSDpbAy9ljE7S29ZVCsV5pIvtD971hXQPRprA+JgMUxJnhIVid7obhHPXJlPVb8aL6z6uQY2AwzrwOw4HrRtwZT8xx3VXup1JD7bVxZq1Q1mhx8HbRBl2WKujb0cAG1xkRYggjyOVEJdIwKbNNGp5GRQfgTXKNSPRnLL+kx4uaWKFJOz2InAWV1vtMb3FrbFiVz2uFquUXoq0WBYwM3UyyX8mApZRin2NGUmui2RSqwurBhzUgjyrnOvPpXGHkeDCxh5EYq8j32FdTZlVRYsRmL3AuONEMV6J8IDt4WWfDSAHZZHLAd4PrHwYVXNQ/R0Xxk8uPHaLDIy2bPtpTaTbfM3XZZWtxLi+4gzFQ7Ik59Ig6Lh09pOz9vJHCcw5YwRkfuqgDSC3GxGWZqwYb0Nwn1sVippH4ldlB8X2ya6SPKua+lLWl2ZsFhybKP1zDrujvyzF+8DnQpSk6jwG1JXIr2mcDoOBikccszDIlZDsg9XyB/CDQeaTRxsFwToNobTfpDOdgG5CggC5GVycr8a0Jo/mfhnU3RWg1lk2TNHGNlm2pCVU2GSgj3idwqxfmK5fRfoSMFoXReIZtjt43JCxQqwZ3Nibs7qUAO621la5JuAGaf9HU+GYfo0wmkEZkeOO6yogtdrA+stzYbmPBcjYovo9klwzTQMTLGSHiNiHGTKY2sCrWy2WvcjeKgajaexEErR4WKOSfEFFDyByRvOdmHqi5Ynpc3tUtOPkWMozVpfoU6bS077O3NI+zfZ23Zwt7Xtcm24fCpOjMY7tssb5E7s+FWv0yatrhpop0zWZW2/VABmTZ23sMl29oNbmGqras4BpZFUZdoyxjvdlF/C9DacbIjuUqPRXow0b2GjoAR60imVuH7Q7Yv3KVHhVoodhsYFAVlCqAFBB2lAGQByFvlRGmi01wLJNPkAoPUToAPEACqj6VtEmXCiZRdoW2jz7JrB/gQjdymrrPFssV4MSy+ObDvuSe5hyNa2iDAqwBBBBBzBByIPS1ZGtsjWnaOUav6vYOXReKxDwK00YmIclrjYiDqbA2yvy4V1y1VrQOqQw8OLw+1tQzFti+ZCPH2ZVudufEWoxoHGdrBFIRZigDi99mRfVkQ9VcMp6imbtC1TJOEwyrOZhkXQRv1CMWQ+BZx+PpQPWzRiq7mRbwy+ADkWKk+7c2YHiSRwFWCnF8irAMpFirC4I5W5Vbjy7eGZ9Rp/iLjs4/i9T5Qf1bqy8NolW8crHv8qK6O1PQdnsyGScg+oFAUHaIve5NgLZ5Ab+IFXo6vYMm/YkdFkkVf4QwAojgY4YgRHEEvvsACe87z41ZvxrlFHw9Q1tk1X07Akmr4w8uFmTOytBMd20sh7RXtxtKLDkJTRi1b58QWFrC3xrQTbM5DnWeclKVo244uMaBOgv2+Otu/SE+P6Lhr/T40WoZqwC0JmIsZ5Hm3EHs3Norg5huyWO/W9FKVjroxQvV/2Zid/wCkT38JCF/4haK0K0d6mJxER9/YnTlYqsUij7rxhj/qioQMk6UxLRwu6LtOBZFv7UjHZjW/Vio8apum9SuwRE2gzSoe2lPv4i5d2PeTcLyU8qv8dgQSL2Nx37r+db8UscqFZBkeeRBHEHgRzFX4XFdmfURlKNR/5nAdIaOlgYrKhUjjvU9Q240S1b1cknJc2WNbMSxAL+so2VB35HfXScTqzMp/VSxuvDtLowHVlBDfAU7CatsT+vlXZ4pFtet0MhsQO4A9au2wXNmV5M8lt28+9knU3DKscslgqMbDkVQG7d1yw/DQnUzVyOBWnMQE8rSOWIO0sckjOkdj7Nl2bgcRnuq0vINkIihUAAAFgLAZC3AdK12qjLk3Pg16fFsikyta8aHjxXZQyJterOy78mERCtlyYrXL/R3hlOOwygWG2Wt1VGf5rXYSNvHLbdDC+1y2p5E2fELC3g451y/U3D9jpeOK1tiWeP8AhjlUfKq74ovS5s6/04HI0R0Y5KC+8Er4AkC/W1qHqM6n6M/Zg/aJbwJNvK1Th7FzdG6eEOLHvBG8HmDwNQmwkg3bLDnfZPiLW8bjuomBWavlBS7M8ZuPQHBIJVhYi3G+RFwR5jwNBjKMLMxbLDzPtBvdixDZMGPupIbMCcg5a59dRVg0rFazjhk33TuPgfImocgBBVgCCCCCLgg5EEcRWeS2ujRF7lZtvWaDJoySLLDTbKf5UimWMC+YjO0Hj5AbRVbCyiti47EqPXwoc8OxmRrjulEdj0v40tDhS1ZoaulpOOExC/7DfyzGsHSspNlwc56loEUd95dr4KaKIsJ0G0pJ+kO2FTOMZYlxuCHPsAeMjj2h7qE3sWS+yTC4mXKR1gjO9YWZ5GF/84hezuN+yu1nk4tep+EwqRIEjUKg3AdTcnqSSSScySSanojs3Ur1g0hQSZofprBOwSWG3bxEtHc2DgizxMeCuOPBlRrHZtRClQBG0dj0mTbS+8qysLOjj2kdfdYcvEXBBqTUDHaJDP20TmKawBdQCHUZhZUOUijO25hc7LLc1rGLxSA9pAstrWMEiqW5kxylQnd2jd9FEWE6xQ4aWfjhcQDytEfMSkedM/xeYmy4OfvZsOqjv/XFvgKiibCoqJpTSKQJtNdmY7Mca5vLIdyIOJ67gASSACREL4x7gCGEX3kviHtx9WyKp/Ew6HdW7R+i0jbtGZpJiLGSQhn2Ta6qAAqKbAlUCgkXNznUkcmdC4Jo0ZpCDNKxklIzG2QFCKbC6oiogNswlzmTXOdZYv0bTccvuySRSdAJP1T+YY+NdVii222bkAC7Eb7nJR8z4DnVN9MOrpbDpiFZmaFrNcD9nJYXyAuQ4TuBNMotqxdyTot6Qlm2B+Ij3V/+x4fHhRdEAAAyA3UI1N0ks+EhmUAbSDbA4SD1ZB1O2Gz40Zq6EFFFM5OTM0qVKrBBjqCLHOgmJhMZ2fdPsn/tPUeY8aOE1qmhDgqwuD/fgaScNyHhPawMprYppYjDNHvzTg3Lo3Lv3d1JRWVpp0zWmmrRsWs1hazUkMjvjUVwjHZZvZ2sg/MKdxI5b+O6txrTj8HHMhjlUMjbwfmOR5GufTaPmw+KETTOuHN/XFyVBvsNa+ag5EZWzPC1C7HxwUr/AIs6ORWPWqvLqvjAA0OLWQHMHbkjUjgci4Nbf8P0qBbaRuoZSfiUHypnjZNQfUl97QdQHjTqri6H0oxzkVepkt5KhqvaUxmPGIGHw8+3uDSXbZViTdFF/XIFiWyAuRwNHw2ifhxbpST/ACv+DoZNKoOjNG9mFMjtJKBYyObnrsjcg7hnxvU61KVPswxrDPWGrW1KMkZ2qyX5C5OQHMncK1FvicgBmSeQFEsBhLes/tcBwUHgOZ5nw72hByYmSaijdg4dhbbyc2PNj9NwHQCs4zCJKjxyKGR1ZWB3FWFiPhW8CnVrSpUZG7dnN9QjJo7GS6NnJMchMmGc7nsLEX3bRUC44Mp+0L9IoVp/QMWKjCSAgqweN1NnikGaujcGB8DxvW/R0koULNYyLkWUeq4HvqPdvxX3TlcizESrgG75J1NJrJrFqkgQFOpUqAGkUOn0eRnHu+wd34Tw7t3dROsUsoqXY0ZOPQHVs7biN4ORHhy67qdW7TZVYZJCLlEdweIKqTkd43Vy/Vz0sD1UxkdjYfrIxcZgH1k3jwvWacdrNGNuatHSbVA01olZ02TkwzVuR68weIrdo3ScOIXbhkWReakH4jeKlVCZZGUou12UI/pWEJAZ4xfepujHnn6pPeL1Mj1yxWQMifeKC/fll5Vca1HDJ9hf4RTrIzV/5GOXzwTfuVWXGyYhSpxEkjbJ9VFAW97ANs7ItbP1t1F9XtCCEbTWMhFieCj7I+posqgZDyp1K5tlU81rbBUvb/qEKRpUC0/rlhMLlLKC/wDlp67+IG7xpClJvoNsK1RqXJCC9jYn3VPInn0Ge7dvrkesvpOxE90gHYxniDeQjq25fD410X0OQsNHI7XvI8klzck3bZvnz2aeEbdBkuEbLRhMCEz3sd7H5AcB/ZvUsCs0q1JJcIxttu2ZpUqVSQKm2506mGgB9Kh+lNKLDs3UttX3Mi2AsCTtMMsxuvRCgBUqVKgBU0mkaQFAGnGYcSRuh3MrKe5gR9a8vYzDtGxRxZk9RhyZCUYfFTXqiuO+mTU11kbGwreNs5gBmjbu0+4bC/I3PvZVZY2rRo080m0/Jz3R2LkhPaRuyMMgVJW5PO28DM2q9alekPFPPFh5tiQOdkORsuMibm2R3cq56TkB3n+/hRrUGItj8PbgxY9wRjWX3ZtaTO5rjftKR3esPz8qf+mJzP8AC35VFFPEZpFNlbhE2nGrwDHwt/NageuWs0uFw5mSNCdoKAzE7+OQFGViqp+luP8A/QJ5SR+Zt9aa5MFGNnPNNa7Y7EXDzFV+xH+rXxtmfjQRZMrHMeYJ5GnYXDvIwSNGd2yVUUszHfkozOQJ8KtOhPRjpGcjai7FOLykCw6ILsT3gDrTqLfgZyUe3QB0DoWTFTph4c2c2vbJV9526KM/LeRXpPRWASCKOGMWREVF7lFs+ZoPqZqdh8AhEXrSN7cjAbTdB9lRyHjc51Y61QjtRizZN746M0qVKnKRUqVKgBVi1ZpUAV7WwgdkxAaxNgWjADEqAxDgg5XW4Hv7wDcWCq9rejERWBIDE5RrJnYAZnccyLcQSCRVhoAzTCayaQFAGQKVR8TilXfmTuUZk/06nKozY2Q7lVe8lj4gW+ZpHNLsZRb6CFNktY3tbjfdaqNi9PYguQXIAYiygLkDz3+dWIxKcyNo8CxLH4m5pslwr6lGnyxztqPFFV1i9G2jpmLwl4nO8QgNGT9wjZXuUqK1am6gLhJWleTtWtsp+r2NkHeSNps8uBq5Vmsknu8HRjaVWMCUtmn01hxpaGsxs0M1o0N+lYaWC4UuBssRcBgQykjvFFqwamgsqfo01NjwO1LiGU4lrqN4REvuRiBtM2Vz4cyegihVqYsKjcNn7t1PxFqtjlpVRVOG53YapCgeKkZEdg7jZUn2i24fvXofoLT07vssVYWJzWxytxFrb+Rq+L3RcvYx5JxxzjB9votlKocGOBIDDZY7gcwfunj3ZHpUs0Jp9FjTXYiayKQFZqSBUqVKgAFrNhUkMW1sXRw9nRmuoIJAK7twy3GwvRqNgQCNxzFBdaZGVEKyMo27EKQt/VY5mxOzYG/JbsM1FHBQBmo+NxIjQsc+AHMncK30H0lJtyheCb/vEX/lt/EaSctsbHhHc6GwIc2Y3ZsyfkByA5U5lPO3gKdTZGsCeQJ+FZaNL4VlJlN2Y8yT8TVq0ViduJDa+Vju3rl/WqktFtW8dsPsMcn3dG/ru8BXS1EN0OPB5r07ULHn/F0+Pv4LGHH/ALyp1KsBRXMPTGaVKmsTw/KgB1K1YFIigDBcDjS2uQPy+dZArJoAF6x4grDbK7kDw3n8vGh2q6/rGN9y/Mj8qj6ax3ayXHsrkvXmfH6CpWqp/WOP3fkRXQ2bcDT7PPvOsuui10uEWFlByO6pOBnN9hjc71J4jkf3h57+dRxWJAd49oZqeo+nA9CaxRltdnclG1QZpVpw8odQw4i/d0PUVurWZhUqVKgABrVh9oRkuiKGY+uzrd7XTJd+5t+7eN1HhVd10lssS7aC7g7LAFiQDZlueBtwtcrcgXqxUAI0BwbbRZ/tEn4m9vAWFFNJvaJ+osO9vVHmaG4Uer/fdWfM+UjRhXDZuqNpR7RSH9xvMWqRQ7WSXZgI+0VHntfSlxq5pfUXUS24pS+jKtSpUq7B44sOhtNAgJKbNuDHceh5H50aqiVNwOlpY8gbrybMDuO8VjzaW3cf0OzpPU3FbMvP18/ctpNKg0OsaH20YHpZh52qSunoPtEfhb8qyvDNeDqR1mCXKkvvwEaVDW0/BzY9yn61Fn1kHuRnvY28hf50LDN+AnrdPFcyX25DbMALk2A3k1XtN6Z2wY4z6vvN9roOnz+Y/G6Rkl9tsvsjJfhx8aj2rZi0yi7l2cjV+pPInCHC9/LMUR1cktOB9oMPLa+lDqkaOk2ZYz+8vwJsfKr8iuDX0Ofp57csZezX+S50qVKuQeyN+jHzZfxDua9x/ECfxVPJoVC9pEPO6nuYX/mVR40TrRjdxMuRVIzTqwBWasEBWndHyShAjKFBuykZtuGT57I2dtSNk32+ABBK0qVAA3Tb+oo5sPIFvmBUeIZDuqVpT3e801azZOZmnHxBGqq/rXN6yJyBY+OQ+R+NWYVU9af2/wCFfrVumX/sMPqcmsDr3QKpU8Uq6R5qhgrJNbl3/CktRZNGilUoVkUBREpVNFOWglQIIrF6I8acKLJ2AyleiopwqLGWPksMT7ShuYB+IvTiadg/2afdX5Cttchrk9dF/hRFmPqkjMj1h3qdoeYowhBFxuNQeNS8H+zT7q/IVbi8leXwbqVKlVxUf//Z', 'allpati', '123456564', NULL, 25, 'female', 45, 64, 54, '2022-07-24 01:22:38', NULL, 'active', 'online', NULL, NULL),
(8, 'Depika kumari', 'dk@gmail.com', '12345', 'e2ajX7VpT7q16qQSo5nfa0:APA91bHG_4-b2W2C1xZepvHj5rINLAsvpDz3opJbFnwobDbslQv64UjVVZWd4jwP1sm_tTcUTCmiWFX2GtD-EilyHLiGyg-yLR_Jgm3cOE7hKcEPtjs8tuvZgrEFHQTYo0qk0IYHI59d', 'data:image/jpeg;base64,/9j/4AAQSkZJRgABAQAAAQABAAD/2wCEAAoGBxMUExYUExQYGBYZGhgZGRkZGBkWGhkWGRoaGBoaGRofISsiGxwoHRwZIzQkKCwuMTExGSI3PDcvOyswMS4BCwsLDw4PHRERHTApIikwMDAwLjMwMDIwMjAwMDIwMDAwMDAwMDAwMDkwMDAwMDAyMDAwMDAwMDAwMjAyMDAwMP/AABEIAQkAvgMBIgACEQEDEQH/xAAcAAABBAMBAAAAAAAAAAAAAAAFAAIEBgEDBwj/xABGEAACAQICBwQHBAgFBAIDAAABAgMAEQQhBQYSMUFRYRNxgaEHIjJCkbHBUnKC0RQjM2KSsuHwFVNzk6JDwsPxNNIWJCX/xAAaAQACAwEBAAAAAAAAAAAAAAAAAgEDBAUG/8QAMBEAAgIBBAECBAUFAAMAAAAAAAECEQMEEiExQQVREzJhgSJxkaHRM0KxwfAUIyT/2gAMAwEAAhEDEQA/AOyk02skVkCgBAVmlSoAVKlWKAGSOACSQABck5AAbyTyrn+sfpYgiJTCp27DLbvsxjuO9/AAcjVX9KGuzYmVsNCxECMVa2XaupsSecYOQG42vn6tqRs8/wCtVTn4RfDGu5Fl0n6R9IzH9t2Y+zEiqP4jd/8AlQTEaZxD+3iJn+9LI3zao20OA+Of9Kz2rcDbusPlVTbZakkaySeZ+Jp0c8ieyzr90svyp3at9o/E05JmGe23xNQNwScLrFi481xU624dtJb+Hat4UUwfpN0nGf24cfZkjRh8QA3nQJsSx32I6gH5007B3oO9SR5bqnc0LtTOgaM9NUosMRhkccWicofBG2gf4hVw0H6T9HT2UymFz7sw7P8A53Kf8r1w04RT7DeByP5H41okgYZEU6yMSWJHqdHBAINwcwRutTq816t62YvBH9RKQnGN/XjP4Pd71IPWuu6mekvD4wrFIOwnOQRjdHP7j5Z/umx5XterIzTKZQaLtWQKzSpxBUqVKgBU0tSJpAUAOpUqVAGKVYJtma5B6QvSQ0zNh8GxEOavKt9qQ/ZjIzCdRm3DL2llJJDRi5PguGsvpIweGYxqTNKMisdiqnk8h9UHhYXI4iqbpP0wzujpHh0jLKyhu0ZmQsCAw9UAkb65+62yy8OFKKEsQFBJO4AXJ8KqcpMv2RiuRqC26nKCTYAkncBmT3CrHovVJjZp22R9ld/ifyv31YcHgoohaJAvW2Z7zvPjercemnLl8HO1HquLHxDl/sU7CauYmTdHsjm52fLM+VEoNTT78wHRVv53+lWYtSIrTHSwXfJycnq2ol8tL7ASPVHDje8h/hH0rZ/+LYbk/wDFRelVnwYexmev1D/uf6gSTVLDnc0o8VPzFRptTR7k3gy/UGrJSqHgg/A8fUtTHqX+ylYrVfEJmFDj9xr+RtQ4synYdT91gQR3XzFdGFNxEKOLSKrj94X/APVUz0kX8rN2H1qS/qK/yOcyYYN7OfT3vDmKiSReIq46S1SB9aBrH7DHL8Lbx41XsTEytsTKVccSPn9odR51knjnDtHawavFnX4Xz7eS6ej30oPEVgxzFosgkxzePkJDvdP3t443G7scUgYBlIKkAgg3BBzBB4ivLk8BH95HqKuvou1/OEYYbENfDMbKx/6LH/xk7x7u/demhPwxsmPyjuVKmqwO6nVaUmLVmlSoAVYNKqR6WdajhIBFE1p59pVIOaIMnccjmFHVr+7UN0rJSt0Vn0pa8mVmwWGb9WDszOp9tr2MSn7IOTHict170EoANlSL8T9BTEHZqLe0Rl+6vTqakaF0U2IfZGSj2m5DkP3jVHM5UjRKcMMHKXCQtGaIlmbZUWA3sdw/M9Kumi9FRYcWQXY72OZP98hlUjDYdYkCILAf3v4nrT66OLAocvs8trfUJ53tjxH2/kRNKtE+KVep5D68qiS4pjxt3fnV9nOUWwg8ir7RAqO+PXhc+VDiaZLOq+0wHeQKRyrssjjcnS5CB0jyXzpn+INyHn+dC30pEPe+AY/IVr/xqH7R/hNL8WHui9aLM/7H+gZGkG5Dzp66R5r50Gj0rCdz/EMPpUmLFIfZZSeQIv8ACpWSL6YktNkj80WvswquMTibHqK3qwOYIPdQWsqxG42prKXH2DVaMdg45l2ZV2hwPvKeYNRYceR7WfzqbFMrbj+dDpqmRFyxvdF0ynaV0G8BzO3ETk3EHryPkaEYjDZ9Pn/WulsoIIIBByIO41T9ZNFmFtpbmJuPFTyJ59f7ODNg2fij0em9P9RWZfDyfN4fuXX0Oa57dsBM2ag9gx4qMzEeqjNegI90X6nXloO0brJGxVlYMrDerKbgjqDXojUfWJcdhEmFg/sSKPdlX2h3HJh0YUkJXwbskK5D1KlSqwrMV521u0x+m46ae94gdhP9JLhbfeN275K7N6R9KnDaPnkU2dl7NCN4eQhAR3Alvw1wIDZQAcf5RkPO/wAKqyPwX4Y+R8MTSyBVF2Y2HIf0A8hV+0bgVgjCL4niSd5PU/K1BtS9HWUzsM2uF+6Dn8T5CrCzcTWvTYtsdz7Z571XVuc/hx6X7swTbfUDE40nJchz4n8qZi8SWNh7Pz6mhWkdJrHl7TcuXfV85qKtnOwYJ5ZbYq2TXcKCWIAHEm1CsXp4boxfqch8N58qEYvFvIbub8hwHcK1VhyamT+Xg9Dp/SoRV5OX7eCTPpGVt7kdB6o8t/jWlZiKZT9m2/fwH1NZpNvs6kMcYKoql9Dar3I5/S1bNgEHLlUZFJPmTU/ROi5JY55V9iJV2j1dgBbuF2PIL1pWWpmpAAb2HwpOudRjKwyrc5e1jkwANiN6MAyn4EHuNQCofgsU63AY5cN4t3GiMOmRucDvH5UE7Q3vxpMtxceI5f0q6GScOmZM2kw5VzFX79MtkUqsLqQR0rZGSMwbVUMNiWQ3U2+VWDAaXWT1T6rfPurZi1ClxLhnC1Xpk8acocx/dB7D42+TZHnwP5VvnhV1KOLqwsR9e+g9TcFivdbwP0Nafozlcxe6JTNLaPMMjRtmN6nmp3Hv/KrL6HdYDhsb2Dn9ViLL0EwuY26bWadSy8q3a06P7WEsB68d2HVfeH18KozsykOh2WUgqw3hgbqR1Bsa52SHw58dHrNFqVqcNvtcP+T1PWCKG6s6VGKwsOIH/URWI5PudfBgR4UTpxjmPp4xtosLD9qR5P8AbUIAf93yrl/ZF5Ai7yVQfK/xzq9+m3EXx0CcEhDfxu9/JBVU1Sg28SpPuhm8fZ+bVTW7JRZkn8PC5eybLpDCERUXcoAHcBYf31qDj8Rc7I3Df31Kxk2yCRvOQoBpTG9kuXtHd05k10pSUI2zyOLHPNkqPLf/AFkbS+k9j1E9vifs/wBaAk86c7XN+fmacID7xC9+/wCG+ubkyObtnrdLpYYIbV35fua6ckZOfDmch8adtKNw2jzbd8Pzpsrk5sfy8KqNQ7aA9nM8z9B9T5U1ELHLv/Mk1LxeiniSIyAh5c0jt62xuDFd4LNko47J6VddV9TDEvb4mMts+skAzZm93tOF72su4ceNobSJSsp02j5FaOFVJkkCsFA9Ztr2bjgCPWHQ3PTrOrmgUw2GEBAYsCZTbJ2YWb8NvVHQCtGrerZid8TiCHxMpJYjNYwfcTuFhfkLd9hC0knfAyVcnGdc9XXwsu4mNr9m2+6j3SftqN/MC/OxzGaEOK0fhsThxeaKIRuoGcixXQi3FhYkcw1uVX/Sejo542imUMjbx14EHeCOBFAdV9DzYGV4bmTDSnaR/eil3WkA4MLDaGV1G69ClaBo5PIo9pdx8jypoJBB3cRXUdbtRVmZpsPZJTcuhySU8/3X67jxsc6q2gdExyStgcWrxSG7Qvazo29k5OjAXHC4axu1MpcCtcla2Q3s5H7PP7v5Vrq0aX9HuLhuYwJlHGPJ/GM5+Clqr0gzKyAq4yNwQR0dTn476lMigjojSu5JD0Vj8j+dGaqEkZGR/oR0o5oTSG0Nhj6w3HmPzFbtPmv8MvscH1LQqN5ca/Nf7LJgMRtCx3jzFUvS+AEUrpb1b3XopzHwvbwqzQvskHiPlQvXVAWikG5lI8VIt42byp9TG4X7Gf0nJszbPEl+6L56CNJ7eGmgJzik2lHJJBf+dZD410cVxX0H4opj5Y+EkJP4o3S3kz12qqIO0dyaqRxD0yP/AP0j0hjH85+tDdRV9eU8lUfEsfpRL0zrbSJ6wxHzcfSoOo2RmvyT/vqMX9VFGvf/AMkvt/kJ6TnAJJ9lRmeXEn++VVDGTGRi7mwO4cbcLD60X1ixtltxc36WGefjaq+SSc8yabVZLltRR6Tp1CHxH2+F+Q/treyLdd7fHh4Uy3E7vnRLQugJ8Q+xFHtEe1c2RP8AUfh90Z10bV3UCCAiSe00o3XFo1PDZTjbmfACsbkkdmmylas6lYjE2kZdiHeCx2TJy2ciQv71j0B4XnQOo8EDCWS0sota67MaW3COO53c2JPHferSFrOzSttk0kCsNoONZ3xDevM+5j7ijILGPdFt53kk332omqU8ClRQWNC1ms0qCbMEUy1PpWqKCxpWo2O0bFLs9ogbYYMh95GBuGVt6m/KplKpIGFaHab0DBiV2Z4w32WGTr91t47tx4iilKoomzjWtOqk2DNz+tw7GyuBYqTuDD3W67j5UDQFCHB43U/Qiu94nDq6sjqGVhZlIuCDvBFcg101ebBzWF2w8lyhOZFt6E/aHA8R408ZCSSap9ErDYgSKHHHyPEfGoesrXgTpJ5MrfUVG0BNss0ZORG0p8j/AH0NSNPsBGL7iwB+DZiui578LZ5qOB4dco+L4/Jm30WS7OlcNybtVPd2UjDzArv1ef8A0aof8Vwo5PJ5QymvQBNUY+juZfmOQenLDBcVh5be3Eyf7b7X/k86quqmItJIvONviCPoTXSvTdo8vg0mG+KQX+5J6h/59nXJNGYjYkVuF7HubI0qe3ImJmx/F07ivZ/r4Nml3LzEDhZR4ZnzvRrUrVVsU5NysKGzyDex39nFyy3twv1oNhcK80ywx/tJXsem0b59ALse7pXcND6LTDwpDGLIgsOZO8sepNye+qsktzbNGGCx44x9kkLA4KKCMRxIERdyqPieZJ57zUPSOmzELphcTL/pxj5Oyn4A0Slxcae06L3so68TUR9PYYb8RFkdn9ou+9t1+Z+tVpFtlTxfpSSNtmTBzIeUlo2/hIqToz0o4KRgsgkhJsNqRVKXPNlJsOpAFWLEY7BzKUklgkU71d42B8CarWk/Rxo6c3hcxE8IpFZT+Br2/DYUyoguopVq0fgxDFHEpJWNEQFsyQihQSeJsK30pI2kadStUEjKzTqVADaVOtQbXPRsuIwksMMixu4A2mJVSoYFlJFyARcbuNTRBnE614GNir4qEMN47RSQeRAORp2H1owTmyYqEnl2qAnuBNc/0b6MoV/+Tjoxu9WIoLfjc/8AbVlweqeho9/ZOeck+1/x2gvlTOKIst6kEXGY5jMUM1o0KuKwzwmwJF0b7Mg9k/HI9Ca06OwmAi/YGKPpFIEBPUK1m8b0YjYEZEHqLH5UtE2cCwrmOQBhssjG4O8WOy6nwv8ACiGsr5IvUn4C31qf6TdGdjjiwFllAk6bXsuPiNo/foBpPE7bL0RR4kXPzt4VohOoSj70YsuDdqIZPZO/9Fn9EGG29JRt/lxSP5CP5SWruFcv9BGjssROeaRL4DtH/mT4V1ECnxr8I2R3IHawYWOaCSGU2WRGTmbsDYqN5YbxblXnHEwtGzq4s8ZcMM7bSXuO64r0O8m0xc8bhei3yt37z3jkK496VNGdni3YZLNHtX4beyY2+Sn8VUuW6RdCG1FBw2n8RG/aRyFHzG0tgRtb7HeKkYR8ZjZFiM7vtMF2pZW2ATe20zmw3HLebWAJyoRLEVJB3jfXfNEahRJov9EIAllVZHk3kT5Mp4Eqp9W2WV+Zq6TUUVJSk+TlU+ruHwzzQ4ppWkTJDD2fZtdQQSz52z4DpvoY+ERvZS1sjYsc+N7mr7qDqA0mOkixceysCq7pe6uXJEdiN6HZY9bAHiKJa+YFQ0rLEAiERJusiK2xZVGSgm+4e9UxVq7EyZIwajXbo5b+gpyPxNWfVfRWjMS6w4gSQSMQEdJAUZuAIdW2STwvnzubVGMC/ZHwp+F0TDIJNqRo32f1ShNsSSXFlJuNgEXF+ZB4WKt2WcLlotWO9FuNgBOj8e+WYjZ3hPcGU7JPeFFBoPSDpbAy9ljE7S29ZVCsV5pIvtD971hXQPRprA+JgMUxJnhIVid7obhHPXJlPVb8aL6z6uQY2AwzrwOw4HrRtwZT8xx3VXup1JD7bVxZq1Q1mhx8HbRBl2WKujb0cAG1xkRYggjyOVEJdIwKbNNGp5GRQfgTXKNSPRnLL+kx4uaWKFJOz2InAWV1vtMb3FrbFiVz2uFquUXoq0WBYwM3UyyX8mApZRin2NGUmui2RSqwurBhzUgjyrnOvPpXGHkeDCxh5EYq8j32FdTZlVRYsRmL3AuONEMV6J8IDt4WWfDSAHZZHLAd4PrHwYVXNQ/R0Xxk8uPHaLDIy2bPtpTaTbfM3XZZWtxLi+4gzFQ7Ik59Ig6Lh09pOz9vJHCcw5YwRkfuqgDSC3GxGWZqwYb0Nwn1sVippH4ldlB8X2ya6SPKua+lLWl2ZsFhybKP1zDrujvyzF+8DnQpSk6jwG1JXIr2mcDoOBikccszDIlZDsg9XyB/CDQeaTRxsFwToNobTfpDOdgG5CggC5GVycr8a0Jo/mfhnU3RWg1lk2TNHGNlm2pCVU2GSgj3idwqxfmK5fRfoSMFoXReIZtjt43JCxQqwZ3Nibs7qUAO621la5JuAGaf9HU+GYfo0wmkEZkeOO6yogtdrA+stzYbmPBcjYovo9klwzTQMTLGSHiNiHGTKY2sCrWy2WvcjeKgajaexEErR4WKOSfEFFDyByRvOdmHqi5Ynpc3tUtOPkWMozVpfoU6bS077O3NI+zfZ23Zwt7Xtcm24fCpOjMY7tssb5E7s+FWv0yatrhpop0zWZW2/VABmTZ23sMl29oNbmGqras4BpZFUZdoyxjvdlF/C9DacbIjuUqPRXow0b2GjoAR60imVuH7Q7Yv3KVHhVoodhsYFAVlCqAFBB2lAGQByFvlRGmi01wLJNPkAoPUToAPEACqj6VtEmXCiZRdoW2jz7JrB/gQjdymrrPFssV4MSy+ObDvuSe5hyNa2iDAqwBBBBBzBByIPS1ZGtsjWnaOUav6vYOXReKxDwK00YmIclrjYiDqbA2yvy4V1y1VrQOqQw8OLw+1tQzFti+ZCPH2ZVudufEWoxoHGdrBFIRZigDi99mRfVkQ9VcMp6imbtC1TJOEwyrOZhkXQRv1CMWQ+BZx+PpQPWzRiq7mRbwy+ADkWKk+7c2YHiSRwFWCnF8irAMpFirC4I5W5Vbjy7eGZ9Rp/iLjs4/i9T5Qf1bqy8NolW8crHv8qK6O1PQdnsyGScg+oFAUHaIve5NgLZ5Ab+IFXo6vYMm/YkdFkkVf4QwAojgY4YgRHEEvvsACe87z41ZvxrlFHw9Q1tk1X07Akmr4w8uFmTOytBMd20sh7RXtxtKLDkJTRi1b58QWFrC3xrQTbM5DnWeclKVo244uMaBOgv2+Otu/SE+P6Lhr/T40WoZqwC0JmIsZ5Hm3EHs3Norg5huyWO/W9FKVjroxQvV/2Zid/wCkT38JCF/4haK0K0d6mJxER9/YnTlYqsUij7rxhj/qioQMk6UxLRwu6LtOBZFv7UjHZjW/Vio8apum9SuwRE2gzSoe2lPv4i5d2PeTcLyU8qv8dgQSL2Nx37r+db8UscqFZBkeeRBHEHgRzFX4XFdmfURlKNR/5nAdIaOlgYrKhUjjvU9Q240S1b1cknJc2WNbMSxAL+so2VB35HfXScTqzMp/VSxuvDtLowHVlBDfAU7CatsT+vlXZ4pFtet0MhsQO4A9au2wXNmV5M8lt28+9knU3DKscslgqMbDkVQG7d1yw/DQnUzVyOBWnMQE8rSOWIO0sckjOkdj7Nl2bgcRnuq0vINkIihUAAAFgLAZC3AdK12qjLk3Pg16fFsikyta8aHjxXZQyJterOy78mERCtlyYrXL/R3hlOOwygWG2Wt1VGf5rXYSNvHLbdDC+1y2p5E2fELC3g451y/U3D9jpeOK1tiWeP8AhjlUfKq74ovS5s6/04HI0R0Y5KC+8Er4AkC/W1qHqM6n6M/Zg/aJbwJNvK1Th7FzdG6eEOLHvBG8HmDwNQmwkg3bLDnfZPiLW8bjuomBWavlBS7M8ZuPQHBIJVhYi3G+RFwR5jwNBjKMLMxbLDzPtBvdixDZMGPupIbMCcg5a59dRVg0rFazjhk33TuPgfImocgBBVgCCCCCLgg5EEcRWeS2ujRF7lZtvWaDJoySLLDTbKf5UimWMC+YjO0Hj5AbRVbCyiti47EqPXwoc8OxmRrjulEdj0v40tDhS1ZoaulpOOExC/7DfyzGsHSspNlwc56loEUd95dr4KaKIsJ0G0pJ+kO2FTOMZYlxuCHPsAeMjj2h7qE3sWS+yTC4mXKR1gjO9YWZ5GF/84hezuN+yu1nk4tep+EwqRIEjUKg3AdTcnqSSSScySSanojs3Ur1g0hQSZofprBOwSWG3bxEtHc2DgizxMeCuOPBlRrHZtRClQBG0dj0mTbS+8qysLOjj2kdfdYcvEXBBqTUDHaJDP20TmKawBdQCHUZhZUOUijO25hc7LLc1rGLxSA9pAstrWMEiqW5kxylQnd2jd9FEWE6xQ4aWfjhcQDytEfMSkedM/xeYmy4OfvZsOqjv/XFvgKiibCoqJpTSKQJtNdmY7Mca5vLIdyIOJ67gASSACREL4x7gCGEX3kviHtx9WyKp/Ew6HdW7R+i0jbtGZpJiLGSQhn2Ta6qAAqKbAlUCgkXNznUkcmdC4Jo0ZpCDNKxklIzG2QFCKbC6oiogNswlzmTXOdZYv0bTccvuySRSdAJP1T+YY+NdVii222bkAC7Eb7nJR8z4DnVN9MOrpbDpiFZmaFrNcD9nJYXyAuQ4TuBNMotqxdyTot6Qlm2B+Ij3V/+x4fHhRdEAAAyA3UI1N0ks+EhmUAbSDbA4SD1ZB1O2Gz40Zq6EFFFM5OTM0qVKrBBjqCLHOgmJhMZ2fdPsn/tPUeY8aOE1qmhDgqwuD/fgaScNyHhPawMprYppYjDNHvzTg3Lo3Lv3d1JRWVpp0zWmmrRsWs1hazUkMjvjUVwjHZZvZ2sg/MKdxI5b+O6txrTj8HHMhjlUMjbwfmOR5GufTaPmw+KETTOuHN/XFyVBvsNa+ag5EZWzPC1C7HxwUr/AIs6ORWPWqvLqvjAA0OLWQHMHbkjUjgci4Nbf8P0qBbaRuoZSfiUHypnjZNQfUl97QdQHjTqri6H0oxzkVepkt5KhqvaUxmPGIGHw8+3uDSXbZViTdFF/XIFiWyAuRwNHw2ifhxbpST/ACv+DoZNKoOjNG9mFMjtJKBYyObnrsjcg7hnxvU61KVPswxrDPWGrW1KMkZ2qyX5C5OQHMncK1FvicgBmSeQFEsBhLes/tcBwUHgOZ5nw72hByYmSaijdg4dhbbyc2PNj9NwHQCs4zCJKjxyKGR1ZWB3FWFiPhW8CnVrSpUZG7dnN9QjJo7GS6NnJMchMmGc7nsLEX3bRUC44Mp+0L9IoVp/QMWKjCSAgqweN1NnikGaujcGB8DxvW/R0koULNYyLkWUeq4HvqPdvxX3TlcizESrgG75J1NJrJrFqkgQFOpUqAGkUOn0eRnHu+wd34Tw7t3dROsUsoqXY0ZOPQHVs7biN4ORHhy67qdW7TZVYZJCLlEdweIKqTkd43Vy/Vz0sD1UxkdjYfrIxcZgH1k3jwvWacdrNGNuatHSbVA01olZ02TkwzVuR68weIrdo3ScOIXbhkWReakH4jeKlVCZZGUou12UI/pWEJAZ4xfepujHnn6pPeL1Mj1yxWQMifeKC/fll5Vca1HDJ9hf4RTrIzV/5GOXzwTfuVWXGyYhSpxEkjbJ9VFAW97ANs7ItbP1t1F9XtCCEbTWMhFieCj7I+posqgZDyp1K5tlU81rbBUvb/qEKRpUC0/rlhMLlLKC/wDlp67+IG7xpClJvoNsK1RqXJCC9jYn3VPInn0Ge7dvrkesvpOxE90gHYxniDeQjq25fD410X0OQsNHI7XvI8klzck3bZvnz2aeEbdBkuEbLRhMCEz3sd7H5AcB/ZvUsCs0q1JJcIxttu2ZpUqVSQKm2506mGgB9Kh+lNKLDs3UttX3Mi2AsCTtMMsxuvRCgBUqVKgBU0mkaQFAGnGYcSRuh3MrKe5gR9a8vYzDtGxRxZk9RhyZCUYfFTXqiuO+mTU11kbGwreNs5gBmjbu0+4bC/I3PvZVZY2rRo080m0/Jz3R2LkhPaRuyMMgVJW5PO28DM2q9alekPFPPFh5tiQOdkORsuMibm2R3cq56TkB3n+/hRrUGItj8PbgxY9wRjWX3ZtaTO5rjftKR3esPz8qf+mJzP8AC35VFFPEZpFNlbhE2nGrwDHwt/NageuWs0uFw5mSNCdoKAzE7+OQFGViqp+luP8A/QJ5SR+Zt9aa5MFGNnPNNa7Y7EXDzFV+xH+rXxtmfjQRZMrHMeYJ5GnYXDvIwSNGd2yVUUszHfkozOQJ8KtOhPRjpGcjai7FOLykCw6ILsT3gDrTqLfgZyUe3QB0DoWTFTph4c2c2vbJV9526KM/LeRXpPRWASCKOGMWREVF7lFs+ZoPqZqdh8AhEXrSN7cjAbTdB9lRyHjc51Y61QjtRizZN746M0qVKnKRUqVKgBVi1ZpUAV7WwgdkxAaxNgWjADEqAxDgg5XW4Hv7wDcWCq9rejERWBIDE5RrJnYAZnccyLcQSCRVhoAzTCayaQFAGQKVR8TilXfmTuUZk/06nKozY2Q7lVe8lj4gW+ZpHNLsZRb6CFNktY3tbjfdaqNi9PYguQXIAYiygLkDz3+dWIxKcyNo8CxLH4m5pslwr6lGnyxztqPFFV1i9G2jpmLwl4nO8QgNGT9wjZXuUqK1am6gLhJWleTtWtsp+r2NkHeSNps8uBq5Vmsknu8HRjaVWMCUtmn01hxpaGsxs0M1o0N+lYaWC4UuBssRcBgQykjvFFqwamgsqfo01NjwO1LiGU4lrqN4REvuRiBtM2Vz4cyegihVqYsKjcNn7t1PxFqtjlpVRVOG53YapCgeKkZEdg7jZUn2i24fvXofoLT07vssVYWJzWxytxFrb+Rq+L3RcvYx5JxxzjB9votlKocGOBIDDZY7gcwfunj3ZHpUs0Jp9FjTXYiayKQFZqSBUqVKgAFrNhUkMW1sXRw9nRmuoIJAK7twy3GwvRqNgQCNxzFBdaZGVEKyMo27EKQt/VY5mxOzYG/JbsM1FHBQBmo+NxIjQsc+AHMncK30H0lJtyheCb/vEX/lt/EaSctsbHhHc6GwIc2Y3ZsyfkByA5U5lPO3gKdTZGsCeQJ+FZaNL4VlJlN2Y8yT8TVq0ViduJDa+Vju3rl/WqktFtW8dsPsMcn3dG/ru8BXS1EN0OPB5r07ULHn/F0+Pv4LGHH/ALyp1KsBRXMPTGaVKmsTw/KgB1K1YFIigDBcDjS2uQPy+dZArJoAF6x4grDbK7kDw3n8vGh2q6/rGN9y/Mj8qj6ax3ayXHsrkvXmfH6CpWqp/WOP3fkRXQ2bcDT7PPvOsuui10uEWFlByO6pOBnN9hjc71J4jkf3h57+dRxWJAd49oZqeo+nA9CaxRltdnclG1QZpVpw8odQw4i/d0PUVurWZhUqVKgABrVh9oRkuiKGY+uzrd7XTJd+5t+7eN1HhVd10lssS7aC7g7LAFiQDZlueBtwtcrcgXqxUAI0BwbbRZ/tEn4m9vAWFFNJvaJ+osO9vVHmaG4Uer/fdWfM+UjRhXDZuqNpR7RSH9xvMWqRQ7WSXZgI+0VHntfSlxq5pfUXUS24pS+jKtSpUq7B44sOhtNAgJKbNuDHceh5H50aqiVNwOlpY8gbrybMDuO8VjzaW3cf0OzpPU3FbMvP18/ctpNKg0OsaH20YHpZh52qSunoPtEfhb8qyvDNeDqR1mCXKkvvwEaVDW0/BzY9yn61Fn1kHuRnvY28hf50LDN+AnrdPFcyX25DbMALk2A3k1XtN6Z2wY4z6vvN9roOnz+Y/G6Rkl9tsvsjJfhx8aj2rZi0yi7l2cjV+pPInCHC9/LMUR1cktOB9oMPLa+lDqkaOk2ZYz+8vwJsfKr8iuDX0Ofp57csZezX+S50qVKuQeyN+jHzZfxDua9x/ECfxVPJoVC9pEPO6nuYX/mVR40TrRjdxMuRVIzTqwBWasEBWndHyShAjKFBuykZtuGT57I2dtSNk32+ABBK0qVAA3Tb+oo5sPIFvmBUeIZDuqVpT3e801azZOZmnHxBGqq/rXN6yJyBY+OQ+R+NWYVU9af2/wCFfrVumX/sMPqcmsDr3QKpU8Uq6R5qhgrJNbl3/CktRZNGilUoVkUBREpVNFOWglQIIrF6I8acKLJ2AyleiopwqLGWPksMT7ShuYB+IvTiadg/2afdX5Cttchrk9dF/hRFmPqkjMj1h3qdoeYowhBFxuNQeNS8H+zT7q/IVbi8leXwbqVKlVxUf//Z', 'allpati', '123456564', NULL, 25, 'female', 45, 64, 54, '2022-10-06 17:42:36', NULL, 'active', 'online', NULL, NULL);

--
-- Constraints for dumped tables
--

--
-- Constraints for table `doctor_user`
--
ALTER TABLE `doctor_user`
  ADD CONSTRAINT `doctor_user_ibfk_1` FOREIGN KEY (`doctor_type`) REFERENCES `type_of_doctor` (`id`),
  ADD CONSTRAINT `doctor_user_ibfk_2` FOREIGN KEY (`symptoms_category`) REFERENCES `symptoms` (`id`);

--
-- Constraints for table `slot_booking`
--
ALTER TABLE `slot_booking`
  ADD CONSTRAINT `slot_booking_ibfk_1` FOREIGN KEY (`user_id`) REFERENCES `user` (`id`),
  ADD CONSTRAINT `slot_booking_ibfk_2` FOREIGN KEY (`doctor_id`) REFERENCES `doctor_user` (`id`);

--
-- Constraints for table `user`
--
ALTER TABLE `user`
  ADD CONSTRAINT `user_ibfk_1` FOREIGN KEY (`offer_id`) REFERENCES `offers` (`id`),
  ADD CONSTRAINT `user_ibfk_2` FOREIGN KEY (`booking`) REFERENCES `users_and_doctor` (`booking_id`);
COMMIT;

/*!40101 SET CHARACTER_SET_CLIENT=@OLD_CHARACTER_SET_CLIENT */;
/*!40101 SET CHARACTER_SET_RESULTS=@OLD_CHARACTER_SET_RESULTS */;
/*!40101 SET COLLATION_CONNECTION=@OLD_COLLATION_CONNECTION */;
